Organisation,Country,maxRating,avgRating,numUsers
Jiangly Fan Club,China,3859,2083.586956521739,92
MIT,United States,3833,2751.1111111111113,18
ITMO University,Russia,3979,2032.0,27
Explosive Vegetable Club,China,3697,2975.8888888888887,9
Nanjing Foreign Language School,China,3690,2469.1739130434785,23
University of Warsaw,Poland,3759,2237.3809523809523,21
Chongqing Bashu Middle School,China,3447,2467.764705882353,17
RDFZ,China,3415,2391.409090909091,22
Swarthmore College,United States,3408,2844.5,2
University of Oxford,Bulgaria,3402,2588.4444444444443,9
Um_nik Training Center,Ukraine,3663,3123.5,2
William Lin fan-club,India,3381,2185.6,5
National University of Samoa,Samoa,3681,3094.0,2
The University of Tokyo,Japan,3650,2608.8,20
Nanjing University of Posts and Telecommunications,China,3296,2309.6666666666665,3
Google,India,3597,2309.3,20
Higher School of Economics,Russia,3410,2357.6666666666665,27
,China,3341,1788.9789609274367,2329
Tokyo Institute of Technology,Japan,3189,2578.1428571428573,7
Rabbit House,Japan,3338,2442.3333333333335,3
Indeed,Japan,3369,3369.0,1
The Affiliated High School of Peking University,China,3177,2689.4,5
Hangzhou No.2 High School,China,3344,2632.1111111111113,9
Harbour.Space University,Belarus,3278,3278.0,1
Seoul National University,South Korea,3318,2377.4242424242425,33
Carnegie Mellon University,United States,3161,2172.4545454545455,11
JohnVictor fan club,Antarctica,3047,2641.0,2
AtCoder,Japan,3251,3251.0,1
ASDFZ,China,3046,2393.5555555555557,9
Nanjing Jinling High School Hexi Compus,China,3011,2655.0,7
Saint-Petersburg SU,Russia,3200,2340.3333333333335,15
Nanjing University,China,3213,2179.0,7
University of Zagreb,Croatia,3204,2415.285714285714,7
Kyoto University,Japan,3385,2617.75,8
University of Cambridge,Hong Kong,3081,2261.4285714285716,7
Kessoku Band,Japan,2921,2334.6666666666665,3
ELTE,Hungary,3093,2369.0,4
Moscow IPT,Russia,3303,2149.5416666666665,24
JetBrains,Germany,3235,2805.0,2
Zhijiang University,China,2903,2888.0,2
Confucius Institute,China,2948,2948.0,1
Maksim1744 fan club,Russia,3096,3096.0,1
Tohoku University,Japan,3094,2634.0,4
Sun Yat-Sen Memorial Middle School,China,2885,2235.1,10
National Central University,Taiwan,3064,2653.5,2
Nada High School,Japan,2883,2883.0,1
Allame Helli,Iran,3012,2098.4375,16
Horváth Gyula Fan Club,Hungary,2874,2415.2,5
Paken,Japan,2909,2909.0,1
University of Texas at Austin,United States,2871,2378.6666666666665,6
Delft University of Technology,Netherlands,2950,2015.0,8
Boston University,United States,2854,2607.0,2
Tima's hata,Kazakhstan,3020,2542.0,3
Zhejiang University,China,3069,2380.2631578947367,19
Zhenhai Jiaochuan Academy,China,2841,2841.0,1
Beijing Normal University,China,2839,2728.0,2
Wuhan University of Technology,China,2834,2043.4,5
Beijing National Dianjing School,China,2855,2855.0,1
Blessing Software,Japan,3033,3033.0,1
USACO,United States,3147,2174.375,16
HUS High School for Gifted Student,Vietnam,2848,2277.4285714285716,7
University of Central Florida,United States,2812,1978.9166666666667,12
Beijing National Day School,China,2880,2483.0,3
FZYZ OI Group,China,2804,2657.25,4
pinely,Netherlands,3313,2864.25,4
Quzhou No.2 High School,China,2833,2491.5,4
Shaoxing No.1 High School,China,2784,2403.8333333333335,6
Team Canopus,Japan,2782,2782.0,1
Sharif FUT,Iran,2982,2480.5714285714284,7
Mahoushoujo's Gensokyo,China,2921,2921.0,1
The Hong Kong Polytechnic University,Hong Kong,2815,2482.5,2
Allvik06 hate-club,Russia,2843,2464.25,8
Seoul Science HS,South Korea,2781,2164.5,6
National University of Singapore,Singapore,3043,2254.375,8
AACPSCHOOL,Taiwan,3002,2299.5,2
Guangzhou No.6 Middle School,China,2749,2271.5,8
Shanghai Jiao Tong University,China,2785,2255.875,8
Jagiellonian University,Poland,2754,2297.7894736842104,19
University of Wrocław,Poland,2736,2143.3125,16
Osaka MUCT,Japan,2784,2784.0,1
Konata Fans Club,China,2728,2185.6,5
Peking University,China,2724,2252.4285714285716,7
Chengdu Foreign Languages School,China,2764,2274.2727272727275,11
Jump Trading,United Kingdom,2953,2819.5,2
The High School Attached to HNU,China,2717,2575.6666666666665,3
Capital Normal University High School,China,2716,2262.714285714286,7
Cocolis University,China,2906,2906.0,1
Affiliated Middle School of Guangzhou University,China,2715,2275.8333333333335,6
horny,Russia,2740,2144.68,25
Weiming Lake,China,2702,2702.0,1
Northeastern University,China,2833,2213.1428571428573,7
Allame Helli 3,Iran,2716,2014.3333333333333,3
Jinling H.S. Hexi Campus,China,2673,2673.0,1
Qyzylorda Bilim-Innovation,Kazakhstan,2666,1990.090909090909,11
Universität des Saarlandes,Germany,2887,2271.6666666666665,3
Xiao Zhan fan Club,China,2655,2630.5,2
Changjun High School,China,2654,2315.4545454545455,11
msannuoi,China,2650,2344.0,4
Shaoxing NO.1 high school 3304,China,2646,2189.5,4
Sunrin Internet High Shcool,South Korea,2644,2644.0,1
wang old boss make big money,China,2799,2799.0,1
Beihang University,China,2901,2152.1666666666665,18
University of Porto,Portugal,2667,2651.0,2
The Wrong Side Of Heaven,Iran,2656,2301.8333333333335,6
Shenzhen Middle School,China,2624,2146.8,10
ElectiCode,Tajikistan,2976,2191.0,2
University of Novi Sad,Serbia,3035,3035.0,1
Pandapythoner Fan Club,Serbia,2888,2888.0,1
Anshi Dafu Middle,China,2759,2562.4,5
qwaszx fan club,China,2611,2444.0,2
Yali Middle School,China,2651,2285.25,8
KAIST,South Korea,2668,2240.8947368421054,19
:thinking:,China,2624,2624.0,1
Changzhou Senior High School of Jiangsu Province,China,2610,2283.4444444444443,9
BetterWithoutMaimonidesFund,Israel,2898,2898.0,1
Xi'an Tieyi High School,China,2609,2090.1666666666665,6
National Taiwan University,Taiwan,2807,2186.2727272727275,11
Saratov State U,Russia,2894,1953.3333333333333,6
heno239 funclub,Japan,2740,2740.0,1
Kyiv NU,Ukraine,2939,2359.714285714286,7
Mianyang High School,China,2739,1990.6666666666667,6
MEX Foundation,Russia,2929,2858.0,2
Taipei Municipal Jianguo HS,Taiwan,2747,2227.285714285714,7
Leiteros FC,Brazil,2595,2105.25,8
CUHK,Hong Kong,2605,2289.1428571428573,7
University of Science and Technology of China,China,2654,2145.4117647058824,17
hasheminejad1,Iran,2866,1939.6,5
Feng's Fan Club,China,2567,2324.0,2
Daria Grekova Fan Club,Russia,2643,2643.0,1
University of Waterloo,Canada,2788,2327.5,12
Nanyang Technological University,China,2555,2233.0,6
Tsinghua University High School,China,2555,2229.6,5
NRU HSE Saint Petersburg,Russia,2640,1862.0,8
Hanyang University,South Korea,2553,2052.8888888888887,9
cxy fan club,China,2674,2613.5,2
IIT Delhi,India,2675,1697.2,100
Bryceorz Fanclub,Philippines,2672,2459.0,3
Karlsruhe Institute of Technology,Germany,2584,2192.5,8
Sun Yat-Sen University,China,2537,2133.8333333333335,12
SNS,Italy,2689,2689.0,1
Harbin Institute of Technology,China,2526,2233.8571428571427,7
Arsenal FC,United Kingdom,2521,2521.0,1
koosaga fan club,United States,2656,2656.0,1
The F.M.S in Changsha,China,2518,2147.0833333333335,12
University of Virginia,United States,2517,2315.5,4
FCEN-UBA,Argentina,2549,2372.3333333333335,3
Kaohsiung Senior High School,Taiwan,2512,2246.0,2
ChengDU shishi high school,China,2512,2512.0,1
zimpha fan club,China,2582,2582.0,1
Xiamen Shuangshi Middle School of Fujian,China,2557,2141.285714285714,7
Libertarians of Codeforces,Russia,2849,2486.0,3
Soongsil Univ.,South Korea,2501,1941.0,3
VK,Russia,2653,2585.0,2
East China Normal University,China,2521,2052.4,5
Zhiyuan Star,China,2539,2539.0,1
xiong_6 Fan Club,Finland,2495,2414.5,2
barbarian,Ghana,2495,2495.0,1
Binus University,Indonesia,2493,1991.0,9
No.12345 Floating Island,China,2866,2866.0,1
Northwestern Polytechnical University,China,2497,2338.5,2
haoba army,China,2537,2073.5555555555557,9
Zhengzhou NO.1 High School,China,2491,2491.0,1
University of Chinese Academy of Sciences,China,2488,2402.0,2
FaMAF,Argentina,2522,2036.6,5
Gyeonggi Science High School,South Korea,2634,2119.9285714285716,14
The Affiliated High School of SCNU,China,2526,2379.6,5
Harvard University,United States,2818,2818.0,1
null_awe fan club,United States,2485,2148.0,3
KSP Slovakia,Slovakia,2865,2229.6666666666665,3
AcWing,China,2483,2483.0,1
Kuroni Fun Club,Laos,2614,2604.5,2
Headlands Technologies,Norway,2580,2487.5,2
Hawker Center,Singapore,2565,2476.0,2
SH Huayu Private Middle School,China,2571,2571.0,1
MAI,Russia,2637,1782.75,8
Korea University,South Korea,2525,2092.125,8
Xiao MaoNiang FLS,China,2472,2407.5,2
Le Quy Don High School for Gifted Student,Vietnam,2471,1864.3333333333333,3
Instituto de Matemática Pura e Aplicada,Brazil,2487,2487.0,1
tishreen university,Syria,2520,1808.3333333333333,9
University of Wisconsin-Madison,China,2716,2716.0,1
Sadness Fan Club,China,2469,2427.5,2
Keio University,Japan,2468,2457.0,2
modu,China,2550,2550.0,1
Mamnoon Siam Fan Club,Bangladesh,2501,2269.6666666666665,3
CQ Genshin Middle School,China,2578,2387.5,2
IIT Kharagpur,India,2636,1613.6633663366338,101
Fudan University,China,2673,2043.857142857143,7
olumPosetMisiniz,Turkey,2465,2465.0,1
Genshin Impact University,China,2457,2457.0,1
Diocesan Boys' School,Hong Kong,2456,2230.5,4
Taylor Series Fan Club,South Korea,2572,2572.0,1
KIBOUGAMINE GAKUEN,Japan,2455,2455.0,1
XIV LO Wroclaw,Poland,2602,2053.0,3
University of New South Wales,Australia,2729,2345.6666666666665,3
Colegiul National Emil Racovita,Romania,2471,1679.4,5
CUP Algorithm Association,China,2449,2098.0,3
University Politehnica of Bucharest,Romania,2494,2470.5,2
Kharkiv NU,Ukraine,2490,2490.0,1
University of Illinois at Urbana-Champaign,China,2610,2272.0,3
Indian Institute of Technology Madras,India,2512,1711.188679245283,53
やなぎなぎ fanclub,Brazil,2841,2841.0,1
Escuela Superior de Cómputo,Mexico,2681,1879.0,4
Sperm bank n. a. V. Gerasikov,Russia,2485,2116.909090909091,11
pengzoo,Russia,2614,2614.0,1
Chengdu No.7 High School,China,2580,2289.25,8
Korea Science Academy,South Korea,2513,1906.5,4
Hasso Plattner Institute,Germany,2437,2297.5,2
National Taiwan U,Taiwan,2604,2393.8571428571427,7
orzwater235,China,2433,2425.0,2
Arayi Fan Club,Armenia,2686,2686.0,1
MS attached to NPU,China,2448,2087.4,5
FCIS Ain Shams University,Egypt,2506,1723.2962962962963,27
Università degli Studi di Milano,Italy,2464,2464.0,1
Double Ten High School,China,2427,2427.0,1
Chongqing Nankai Secondary School,China,2473,2355.6,5
Chengdu Foreign Language School,China,2425,2425.0,1
YarSU,Russia,2425,2046.0,2
Maanshan No.2 High School,China,2425,2183.4,5
Harbour.Space,Netherlands,2625,2387.0,3
Sichuan University,China,2421,2172.75,8
Diu Fan Club,China,2417,2223.0,2
JQH Fan Club,China,2413,2413.0,1
Moscow State University,Russia,2590,2128.5,6
BIMBOOOO,Russia,2411,2266.0,2
CHV,Vietnam,2688,2378.5,2
PurpleCrayon Fan Club,United States,2461,2333.5,2
Shahid Soltani 3,Iran,2463,1923.0,3
Havana University,Cuba,2575,1914.8,5
SUSTech,China,2502,2502.0,1
Hangzhou Dianzi U,China,2404,2051.6666666666665,9
BigBag fan club,Ukraine,2768,2586.0,2
Xiamen University,China,2403,2324.0,2
HSGS High School For Gifted Student,Vietnam,2455,1984.875,8
University of Bucharest,Romania,2741,2196.8,5
hjxhjx fan club,Iceland,2397,2090.0,3
Wuhan Foreign Language School,China,2559,2299.0,2
ChongQing No.8 Secondary School,China,2396,1895.25,4
darkkcyan fanclub,Vietnam,2588,2588.0,1
Wuhan University,China,2473,2158.5,8
Hunan Normal University,China,2424,1997.8,5
Belarusian SU,Belarus,2666,2186.3333333333335,9
UNICAMP,Brazil,2484,2023.0,6
5ab fan club,China,2386,2386.0,1
Belal (bond) Fan Club,Jordan,2676,2074.0,2
Tencent,China,2380,2380.0,1
Taurida NU,Russia,2634,2634.0,1
University of Southampton,Romania,2376,2376.0,1
Ruhan Habib Fan Club,Bangladesh,2527,2527.0,1
Northeastern University (USA),United States,2450,2292.5,2
Photon,Armenia,2585,2045.0,2
Mike4235 fan club,Vietnam,2572,2162.0,2
Guangzhou Turing Edu.,China,2402,2165.5,2
UESTC,China,2475,2099.1176470588234,17
Spearhead Squadron,China,2368,2368.0,1
KBTU,Kazakhstan,2568,2026.8,10
Shanghai University,China,2366,1795.6666666666667,9
Columbia University,United States,2483,2093.6,5
Shkola Shikovi,Bulgaria,2630,2630.0,1
TU Munich,Germany,2465,2041.8333333333333,6
The Masked Fools,United States,2400,2400.0,1
Microsoft,Serbia,2460,2087.6666666666665,3
University of Dhaka,Bangladesh,2398,1754.3333333333333,9
Hengshui High School of Hebei,China,2492,2160.1666666666665,6
Alin Popescu Fanclub,Moldova,2356,2288.5,2
pbb,China,2494,2371.5,2
Shahjalal University of Science and Technology,Bangladesh,2412,1745.9583333333333,24
Rubrik,India,2690,2690.0,1
Funclub OlyaZ,Russia,2570,2209.0,3
amirhoseinfar1385 team,Iran,2349,2349.0,1
k1r1t0 fanclub,Russia,2437,1834.0,3
SMK (L) Methodist Kuala Lumpur,Malaysia,2345,2345.0,1
Moonlight Middle School,China,2642,2642.0,1
Linyi No.1 Middle School,China,2342,2196.5,2
PTHS,Ukraine,2579,2348.0,2
realskc Fan Club,China,2340,2334.5,2
Chalmers University of Technology,Sweden,2339,2339.0,1
National Chiao Tung University,Taiwan,2357,2080.1666666666665,6
UCLA,United States,2350,2350.0,1
ORLbl(Ptici vblsokogo poleta),Russia,2351,2351.0,1
Daegu Science High School,South Korea,2332,2332.0,1
L2SH,Russia,2329,2329.0,1
Nanning No.2 High School,China,2328,2328.0,1
Ganzhou HouDe Middle School,China,2361,2102.1428571428573,7
IIT Indore,India,2369,1719.658536585366,41
Pirmā programmēšanas skola,Latvia,2323,1952.75,4
Chulalongkorn University,Thailand,2459,1956.5,4
youtube.com@aryanc403,India,2452,2452.0,1
THIRD Inc.,Japan,2581,2581.0,1
UBC,Indonesia,2822,2421.8,5
University of São Paulo,Brazil,2404,1902.8181818181818,11
Zhejiang University of Technology,China,2319,2052.5714285714284,7
Hangzhou Dianzi University,China,2315,2039.6666666666667,3
Yonsei University,South Korea,2315,2045.75,8
Hangzhou Xuejun High School,China,2401,2401.0,1
Grekhobibiki,Russia,2313,2177.0,2
National Experimental High School,Taiwan,2313,2142.0,3
United Parsa's,Iran,2602,2342.6666666666665,3
Northwestern University,Thailand,2310,2287.5,2
Garden International School KL,Malaysia,2310,2310.0,1
Universidad de la Habana,Cuba,2362,1848.5714285714287,7
Moroccan Olympiads in informatics,Morocco,2309,1985.6666666666667,3
Universitat Politècnica de Catalunya,Spain,2370,2094.75,12
FAU Erlangen,Germany,2308,1884.5,2
IIT Bombay,India,2377,1751.6190476190477,21
Kim Il Sung University,North Korea,2306,2076.5,4
Cassell College,China,2354,2354.0,1
Genshin Impact,Antarctica,2394,2394.0,1
Taichung First SH,Taiwan,2328,2328.0,1
Institut Teknologi Bandung,Indonesia,2301,1944.3,10
Waimai University,Taiwan,2365,2365.0,1
Universidade Federal de Minas Gerais,Brazil,2423,1932.5714285714287,7
Raffles Institution,Singapore,2417,2100.3333333333335,3
zpk Fan Club,China,2306,2177.75,4
SJZEZ,China,2296,2296.0,1
Alexander Burlakov fan-club,Russia,2296,2296.0,1
Living legend,Russia,2291,2291.0,1
Abobas,Ukraine,2416,2416.0,1
BSUIR,Belarus,2289,1877.7142857142858,7
fadge,China,2420,2420.0,1
University of Pisa,Italy,2487,2001.0,2
tonightV fanclub,United States,2395,2395.0,1
Yancheng Middle School,China,2286,2286.0,1
POSTECH,South Korea,2353,2249.0,4
Gimnazija Veljko Petrovic,Serbia,2281,2281.0,1
Xidian University,China,2281,1998.1666666666667,6
Huynh Man Dat Highschool for the Gifted,Vietnam,2281,2121.5,2
Lin Liu fan club,Georgia,2428,2428.0,1
classone,China,2278,2278.0,1
Universitas Indonesia,Indonesia,2394,2061.8,5
Kaisei High School,Japan,2291,2291.0,1
Gensoukyo,China,2399,2399.0,1
jiangbowen fan club,China,2274,2274.0,1
Star Rail,Russia,2273,2273.0,1
viperr,France,2272,2272.0,1
UAIC,Romania,2271,2179.3333333333335,3
Renmin University of China,China,2274,2197.0,2
Zhejiang University of Finance and Economics,China,2408,1832.8,5
GAOU TO PhMS,Russia,2326,1993.0,2
Purdue University,United States,2268,2014.75,4
Hunan Institute of Technology,China,2267,1879.0,4
0x3F Club,China,2300,1872.4117647058824,17
Facebook,Taiwan,2358,2358.0,1
Anti-haoba Army,China,2264,2264.0,1
Hanoi University of Science and Technology,Vietnam,2363,1940.0,4
cxaphoenix fan club,China,2354,2354.0,1
feyn,China,2261,2160.5,2
Toanleism,Vietnam,2282,2282.0,1
Jmm Fan Club,China,2366,2286.3333333333335,3
France-IOI,France,2602,2245.5,4
Guangzhou No.2 High School,China,2257,2117.3333333333335,3
Farzanegan,Iran,2419,2207.5,2
Taipei Muncipal Jianguo HS,Taiwan,2295,2295.0,1
Op University,China,2257,2257.0,1
Erkhet Erdem,Mongolia,2368,1790.3333333333333,3
Waseda University,Japan,2349,2081.3333333333335,6
Shanghai University of Finance and Economics,China,2255,2255.0,1
OIers' Convolution,China,2286,2286.0,1
Affiliated High School of Fujian Normal University,China,2481,2233.0,4
Star Rail College,China,2254,2254.0,1
Ecole Polytechnique,France,2702,2397.0,3
Universidade do Porto,Portugal,2253,1876.5,2
Changjun NetBar,China,2279,2279.0,1
Tyumen IU,Russia,2440,2440.0,1
IIT Roorkee,India,2345,1652.9611650485438,103
Innopolis University,Russia,2330,1871.5,8
Yangzhou High School,China,2368,2072.6666666666665,3
Mathematical Grammar School,Serbia,2275,1792.5,4
NIT Jamshedpur,India,2250,1619.0,14
Flamire Research Institute,China,2278,2214.5,2
IME - RJ,Brazil,2249,2249.0,1
Kira_1234 Fan Club,Antarctica,2419,2419.0,1
Hunan University,China,2328,1879.4,5
Institute of Sexology,Vietnam,2390,2031.8333333333333,6
B20 Fan Club,China,2269,2269.0,1
Underground Idol,South Korea,2247,2247.0,1
Tongji University,China,2276,1946.5,2
Monogon Fan Club,Vietnam,2261,2261.0,1
Milwaukee School Of Engineering,United States,2408,2408.0,1
XV. gimnazija,Croatia,2584,2094.3333333333335,3
Ishkul,Bangladesh,2417,2417.0,1
Shanghai High School,China,2238,2174.5,2
Suzhou High School,China,2290,2129.0,2
University of Chicago,United States,2238,2238.0,1
De La Salle University Manila,Philippines,2237,2235.0,2
3Shape,Ukraine,2453,2453.0,1
IIT(ISM) DHANBAD,India,2268,1611.66,50
Huazhong University of Science and Technology,China,2415,2056.5,10
Shadow Wizard Money Gang,Antarctica,2269,2269.0,1
Moscow State Pedagogical University,Russia,2320,1942.3333333333333,3
Osaka University,Japan,2771,2328.0,3
Tianjin University,China,2330,1908.0,3
Beijing JiaoTong University,China,2287,1999.4285714285713,7
Church of define int long long,Thailand,2295,2295.0,1
GDUT,China,2378,1812.6666666666667,3
Eric1230 Fan Club,China,2231,1844.0,2
Kyungpook National University,South Korea,2231,2231.0,1
Almaty IITU,Kazakhstan,2550,2313.6666666666665,3
ASPCA,United States,2398,2398.0,1
Ams Ma Túy Incorporated,Vietnam,2230,2165.0,3
totally spies,Russia,2453,2453.0,1
South Dakota School of Mines and Technology,United States,2325,2325.0,1
Aurel Vlaicu National College Orastie,Romania,2543,2543.0,1
Universidad Nacional de Colombia,Colombia,2288,1823.7142857142858,7
Bitset Academy,Romania,2227,2227.0,1
eyangch fan-club,United States,2339,2339.0,1
Sharif University of Technology,Iran,2227,2184.0,2
Nirma University,India,2347,1621.1363636363637,22
Qvzeyang Fan Club,China,2302,2156.0,2
Cute Coffee Club,China,2278,2045.2,5
Lyceum BSU,Belarus,2261,1862.0,4
Montgomery Blair HS,United States,2320,1966.0,2
Linköping University,Netherlands,2289,2289.0,1
HKUST,Kazakhstan,2235,2160.0,2
angry water,Pakistan,2246,2246.0,1
Shandong Experimental High School,China,2220,2086.5,2
Neapolis University Paphos,Cyprus,2219,2219.0,1
University of Texas at Dallas,United States,2427,2427.0,1
Team Diamonds,Hong Kong,2219,2219.0,1
Tsinghua University,China,2287,2208.0,3
City University of Hong Kong,Hong Kong,2219,2181.0,3
VU Amsterdam,Romania,2371,2167.0,2
Club of idiots,Taiwan,2290,2290.0,1
retirement home,United States,2353,2353.0,1
Grodno city gimnasium,Belarus,2296,2296.0,1
Aalto University,Finland,2214,2214.0,1
Nazarbayev University,Kazakhstan,2228,1739.7142857142858,7
Shandong University,China,2312,1819.0,5
Guangdong Experimental High School,China,2212,2058.5,8
dyj fan club,China,2212,2182.75,4
Zibo Experimental High School,China,2239,2125.0,5
Swiss Olympiad in Informatics,Switzerland,2359,1953.6,5
INTEC,Dominican Republic,2473,2473.0,1
Sogang University,South Korea,2229,1989.4444444444443,9
Shanhe University,China,2227,2227.0,1
SOI,Syria,2269,1753.0,14
Meow meow kindergarten,Antarctica,2291,2146.0,2
Asadullo Ganiev Fan Club,Uzbekistan,2258,1994.2857142857142,7
B.01 Inc.,Syria,2207,2207.0,1
Princeton University,China,2399,2119.6666666666665,3
Kazan FU,Russia,2281,1989.0,3
Hwa Chong Institution,Singapore,2511,2098.0,6
Clash Of Clans #288LRYGYG,Palestinian Territory,2232,2214.3333333333335,3
Dalian No.24 High School,China,2232,1900.0,5
South China University of Technology,China,2289,1976.2666666666667,15
Cornell University,United States,2199,1885.5,2
SSN College Of Engineering,India,2197,2197.0,1
Jane Street,United Kingdom,2482,2482.0,1
Colégio Etapa,Brazil,2231,2231.0,1
timmyfeng fan-club,United States,2319,2319.0,1
Indian Institute of Technology Ropar,India,2195,1629.0384615384614,26
University of Toronto,Hong Kong,2285,2172.75,4
Chongqing NO.1 Middle School,China,2194,1983.0,3
BUET,Bangladesh,2300,1809.2,20
Kabatas Boy's High School,Turkey,2262,2262.0,1
Fan Club Peltorator,Germany,2200,2198.0,2
HRBUST,China,2302,2246.5,2
Changpei Middle School,China,2196,2054.6666666666665,3
Yandex,Russia,2384,2089.4,5
Constructor University,Russia,2190,1942.3333333333333,3
cf247,Antarctica,2217,2217.0,1
Olimpiada Informatica Española,Spain,2197,2081.0,2
Bot Secondary School,China,2190,2190.0,1
Zhengzhou University,China,2501,2229.0,4
IIT Guwahati,India,2225,1611.5285714285715,70
Pontificia Universidad Católica de Chile,Chile,2215,2193.0,2
God Luck,Belgium,2188,2188.0,1
Nanjing Normal University,China,2256,2256.0,1
IIT Kanpur,India,2400,1656.573033707865,89
Wuhu No.1 High School,China,2283,2204.0,2
EPAM Systems,Poland,2287,1997.0,2
University of Bologna,Italy,2304,2304.0,1
Georgia Institute of Technology,United States,2280,1751.0,4
aihay fanclub,Egypt,2185,2185.0,1
BWINF,Germany,2259,1897.5,2
University of Brasilia,Brazil,2398,1813.3,10
NUIST,China,2183,1822.5,2
keta_tsimakuridze FanClub,Georgia,2291,1989.0,4
kizen fanclub,South Korea,2181,2181.0,1
TJHSST,India,2181,2181.0,1
CCNU,China,2350,1898.0,10
IET Lucknow,India,2180,1606.741935483871,31
232 fanclub,South Korea,2180,1918.0,2
The most ******* organization in cf,Russia,2268,2217.0,2
National Tainan First Senior High School,Taiwan,2373,1989.5,2
Eliška fan club,Moldova,2241,2241.0,1
Linyi Fan Club,China,2194,1918.6666666666667,6
the Communist Party of China,United States,2406,2406.0,1
DGIST,South Korea,2279,2279.0,1
Ciyun Netbar,China,2177,2177.0,1
Anyang Middle School,China,2176,2176.0,1
Northeastern University at Qinhuangdao,China,2368,1894.75,4
National University of Fiji,Fiji,2176,2176.0,1
MK-37,Russia,2174,1815.5,2
IIIT Hyderabad,India,2370,1703.906976744186,43
Salty_Fish_Work_Group,China,2173,2173.0,1
China,China,2173,2121.0,2
Bakry Fan Club,Egypt,2216,2003.2,5
SQRT Academy,Mongolia,2389,2389.0,1
The Experimental High School Attached to BNU,China,2180,1988.5,6
けいおん部 (Light music club),Russia,2342,2342.0,1
FuZhou university,China,2171,1801.857142857143,7
shanhugongxinhai's fans' club,China,2171,2171.0,1
CAS Software,Germany,2381,2381.0,1
VSTU,Russia,2277,1883.5,2
UzhNu,Ukraine,2283,2138.0,3
2101,Russia,2382,2382.0,1
Astana IT university,Kazakhstan,2169,2169.0,1
Oleg Naver fan club,Ukraine,2252,2048.6666666666665,3
Shidai Middle School,China,2168,2168.0,1
liis,Romania,2324,1808.6666666666667,3
dongdziz Fan Club,China,2168,2168.0,1
NEWSIS,Singapore,2528,2528.0,1
University of Stellenbosch,South Africa,2166,1852.0,2
Aleppo University,Syria,2200,1637.0,11
Australian National University,Australia,2173,2173.0,1
Xiamen No.1 Middle School,China,2164,2061.0,2
vgzowski fan club,United States,2248,2248.0,1
Pune Institute of Computer Technology,India,2213,1573.3684210526317,19
NIT Silchar,India,2171,1599.35,20
bmstu attack,Russia,2162,2121.5,2
Henan University of Technology,China,2162,1792.6,5
Green White Solutions,Uzbekistan,2161,1803.5,2
Liangxiang Institute of Technology,China,2199,2199.0,1
School 2086,Russia,2161,2161.0,1
Allame Helli 2,Iran,2391,2192.0,2
IIIT Lucknow,India,2190,1631.1875,16
Wilson's School,United Kingdom,2290,2290.0,1
ETH Zurich,Switzerland,2528,2033.2,5
German University in Cairo,Egypt,2293,1831.888888888889,9
Mount Celeste,Turkey,2281,2281.0,1
1234huang Fan Club,China,2158,2104.0,4
Fan-Club Minato Aqua,Russia,2163,2163.0,1
NIS Kostanai,Kazakhstan,2237,1920.0,2
Radboud University Nijmegen,Hungary,2223,2223.0,1
SYOI,Hong Kong,2241,2241.0,1
IOI 94,United States,2381,2381.0,1
IIT Patna,India,2172,1590.536231884058,69
Chongqing Yucai Middle School,China,2156,2143.0,2
Quzhou Huamao Foreign Languages School,China,2199,1956.0,2
FRITL,Azerbaijan,2154,1652.75,4
Akamai Technologies,India,2359,2359.0,1
TU Eindhoven,Romania,2186,2186.0,1
elsantodel90 fan club,Argentina,2205,1855.5,2
Quanzhou No.5 High School,China,2152,2130.5,2
PMS SFU,Russia,2500,1742.857142857143,7
Tudor Vianu National High School,Romania,2268,2039.888888888889,9
Beijing Institute of Technology,China,2441,2018.6,5
Chongqing University,China,2148,1792.0,2
Nizhny Novgorod SU,Russia,2338,2167.3333333333335,3
Petrozavodsk SU,Russia,2164,1935.6666666666667,3
University of Oulu,Finland,2147,2147.0,1
The American University in Cairo,Egypt,2147,2147.0,1
el medonho fanclub,Brazil,2147,1694.25,4
Carmel HS,United States,2226,2226.0,1
Rhodes Island,China,2147,1932.5,2
Xi’an Technological University,China,2147,1850.75,4
cqbzdj fan club,China,2204,2095.0,3
High School Affiliated to Southwest University,China,2146,1853.8,5
Hokkaido University,Japan,2146,2095.0,2
Duong Canh fanclub,Philippines,2145,2145.0,1
Internazionale Milano,China,2150,2150.0,1
Nankai University,China,2505,2052.3333333333335,3
IIT Mandi,India,2351,1583.090909090909,11
CLIK,South Korea,2257,2257.0,1
MeowMeowMeow Kindergarten,China,2144,2144.0,1
hxh Fan Club,China,2325,2325.0,1
UFG - Universidade Feredal de Goias,Brazil,2167,1848.0,2
qwq,China,2143,2143.0,1
Meta,United Kingdom,2675,2444.6666666666665,3
Financial University,Russia,2142,1827.0,2
UETO,Brazil,2292,1695.5714285714287,7
IIT Bhubaneswar,India,2142,1657.111111111111,9
No.2 Middle School of Licheng,China,2315,2315.0,1
Fujian Changle No.1 Middle School,China,2141,2070.5,2
FPT University,Vietnam,2163,1931.3333333333333,3
berguzar fan club,Turkey,2252,2252.0,1
Tima,Kazakhstan,2216,2161.5,2
Orz zlt club,China,2141,2141.0,1
congminghetao,China,2174,2046.5,2
Linmobi's Fans,China,2175,2175.0,1
ICHB,Romania,2140,1722.3,10
Sant'Anna School of Advanced Studies,Italy,2159,2159.0,1
IIT BHU Varanasi,India,2331,1652.6538461538462,104
Faculty of Sciences,Serbia,2315,2315.0,1
haoab raym,China,2137,2137.0,1
MWITs,Thailand,2327,1944.5,2
APLion Training Center,Russia,2136,2136.0,1
Love T,Vietnam,2136,2136.0,1
University of Latvia,Latvia,2202,2202.0,1
CSUST,China,2135,1776.0,2
AESC MSU,Russia,2200,2063.4,5
Assiut University,Egypt,2148,1733.7857142857142,14
Colegiul National Ion Luca Caragiale,Romania,2149,2149.0,1
National Taiwan Ocean U,Taiwan,2133,1728.0,3
THPT Chuyen Ha Tinh,Vietnam,2133,1857.5,2
AntarcticPenguinLanguageSchool,Antarctica,2136,1886.3333333333333,3
Koying Fan Club (KFC),Taiwan,2165,1744.75,4
Wuhan University of Science and Technology,China,2288,1957.2,5
SJTU,China,2177,2177.0,1
Group_2,Belarus,2180,2180.0,1
Chess club 4085,Russia,2164,1950.0,5
Dongguan Middle School · SSL School,China,2144,2137.0,2
Lumpur Lapindo,Indonesia,2154,2154.0,1
Nanjing University of Science and Technology,China,2129,1893.0,3
University of Barisal,Bangladesh,2128,1579.7142857142858,7
int r=0;,Russia,2128,2128.0,1
Colegiul National Silvania,Romania,2128,1771.5,2
National Chung Cheng University,Taiwan,2127,1685.0,5
Chiba University,Japan,2201,2201.0,1
kak tebe my fenwick?),United States,2126,2126.0,1
NIT Trichy,India,2230,1619.090909090909,11
becaidorz fan club,Taiwan,2255,2109.5,2
Keyboard Warriors,Hong Kong,2125,1941.0,4
University Of Rajshahi,Bangladesh,2125,1664.7777777777778,9
infolab,Kazakhstan,2206,1950.0,3
hysbz,China,2175,2175.0,1
SMAN 1 Wonosobo,Indonesia,2122,2122.0,1
MK Fan Club,China,2208,2116.6666666666665,3
hololive,Japan,2121,1727.75,4
Anti Alex239,Russia,2121,1781.9,10
Chengdu JXFLS,China,2121,1874.3333333333333,3
Tulip101,Cyprus,2292,2166.6666666666665,3
Vilnius University,Lithuania,2305,1868.25,4
Algorinthm,Ukraine,2296,1936.0,5
AntiMirzayanov Club,Russia,2177,2177.0,1
THPT Chuyên Lương Thế Vinh - Đồng Nai,Vietnam,2119,1862.5,2
UTN FRSF,Argentina,2328,1790.3333333333333,3
negative iq,United States,2278,1941.0,2
Mondstadt,United States,2155,2155.0,1
BEZDAR,Russia,2210,1699.25,4
WISE,Syria,2367,2367.0,1
Lycée PMF de Tunis,Tunisia,2117,2117.0,1
University of Sciences DPR Korea,North Korea,2117,2117.0,1
Tehnicka skola Cacak,Serbia,2299,1892.5,2
alice glass is my idol,Russia,2117,2117.0,1
ACfun,China,2117,2117.0,1
Nurmakov,Kazakhstan,2116,1890.5,2
KUET,Bangladesh,2151,1604.3478260869565,23
Shenzhen University,China,2245,1966.2,5
Texas A and M University,United States,2115,1886.0,4
Ericsson,Croatia,2195,2195.0,1
Islamic University of Technology,Bangladesh,2172,1812.111111111111,9
Baranovichi yakuza,Belarus,2115,2087.5,2
Jianping High School,China,2115,2115.0,1
AlphaMale06 fan-club,Serbia,2144,1935.5,2
Zhasyn20 fan club,Kazakhstan,2114,2114.0,1
Raa fan club,South Korea,2114,1920.5,2
HNUE High School for Gifted Students,Vietnam,2113,1831.25,4
Leagues of Code,Spain,2113,2113.0,1
Charles University in Prague,Czechia,2288,1972.0,3
bodj,Russia,2113,2113.0,1
Optatum fan club,South Korea,2112,2112.0,1
The University of Electro-Communications,Japan,2327,2327.0,1
Konkuk University,South Korea,2117,1919.0,4
Constructive problems haters,Russia,2112,2112.0,1
Mordovia SU,Russia,2307,2100.0,2
Kvanta,Ukraine,2229,2229.0,1
Organization::39c06259d54e897e,Gibraltar,2330,2330.0,1
Delhi Technological University,India,2246,1612.6379310344828,58
NAND,Mongolia,2191,1854.5,2
Sheth Karamshi Kanji English School,India,2233,2233.0,1
Wuhan No.2 High School,China,2252,2252.0,1
Universidad Nacional de Rosario,Argentina,2360,2034.5,4
Xi'an Jiaotong University,China,2204,2018.2,5
KIIT University,India,2109,1610.5,6
Colorado School of Mines,United States,2146,2146.0,1
IIIT Jabalpur,India,2109,1585.8387096774193,31
SCUT,China,2109,2109.0,1
NewJeans,South Korea,2109,2109.0,1
Damascus University,Syria,2180,1645.2857142857142,7
ASADULLIN THE BEST,Russia,2364,2364.0,1
GuiLin University Of Electronic Technology,China,2107,2107.0,1
VNUHCM-UIT-University of Information Technology,Vietnam,2106,1925.7777777777778,9
Free University of Tbilisi,Georgia,2135,1715.0,4
BITS Pilani Hyderabad Campus,India,2151,1671.4375,16
hmz Fan Club,China,2230,2230.0,1
MakaPakkaFanClub,Turkey,2203,1714.25,4
Wizz Air,Mexico,2103,2103.0,1
slyz,China,2163,2133.0,2
Hazers,Finland,2165,2165.0,1
HSTU,Bangladesh,2102,1643.5,4
Dalian University of Technology,China,2195,1748.2,5
Universidad Nacional de Ingeniería,Peru,2199,1752.5,6
Pandit Deendayal Energy University (PDEU),India,2117,1793.5,2
Stanford University,United States,2448,2249.6666666666665,3
Shantou Longhu Experimental Middle School,China,2113,2036.0,2
Club of Anonymous Lovers of Citrus-Hitrus,Russia,2302,2302.0,1
Federal University of Campina Grande,Brazil,2164,1772.6666666666667,6
Fan-club Miskuna Egora,Ukraine,2155,2155.0,1
Chung-Ang University,South Korea,2320,1898.5,2
Rutgers University,United States,2220,2028.25,4
Hefei No.1 High School,China,2099,1810.5,2
Changjun Bilingual School,China,2110,2110.0,1
Gyeonggibuk Science High School,South Korea,2153,2153.0,1
Wtf Strong,United States,2288,1758.142857142857,7
Mediaset,Italy,2095,2095.0,1
University of Tartu,Estonia,2235,2235.0,1
National Cheng Kung U,Taiwan,2169,1886.5,2
Lovely girls fan club,Japan,2131,2131.0,1
Wind Street,China,2092,2092.0,1
Gm in 180 days,Kazakhstan,2132,2132.0,1
Masaryk University,Czechia,2098,1844.5,2
Tel Aviv University,Israel,2308,1936.0,2
jxust,China,2090,2090.0,1
CMC MSU,Russia,2089,2089.0,1
University of Michigan,United States,2386,1971.5,2
Sergey Shcherbakov Fan Club,Russia,2097,1710.0,4
brunomont fan club,Brazil,2086,2086.0,1
thpt chuyen nguyen du,Vietnam,2185,1856.8333333333333,6
ECNU,China,2134,2134.0,1
Ruhr University Bochum (RUB),India,2475,2475.0,1
Tokyo University of Agriculture and Technology,Japan,2145,1885.3333333333333,3
C.N. Liviu Rebreanu Bistrita,Romania,2135,2135.0,1
UNIST,Kazakhstan,2127,1884.6666666666667,3
Blue Whale Fall Rain Language School,Egypt,2275,1769.0,3
Harbin Institute of Technology@Shenzhen,China,2079,2020.0,3
KhNURE,Ukraine,2484,2484.0,1
Syrian Private University,Syria,2235,2235.0,1
Nakamoto-kai,Japan,2187,2187.0,1
Marmoreal Fan Club,Sweden,2075,2075.0,1
Bao Loc High School For The Gifted,Vietnam,2182,2182.0,1
Ivan Zhizhin Fan Club,Faroe Islands,2279,2279.0,1
Liceul Teoretic de Informatica Gr. Moisil Iasi,Romania,2074,2074.0,1
Jiangyan High School,China,2180,2180.0,1
Siruseri Armed Forces,India,2071,1869.0,2
geomа lovers club,Russia,2160,2160.0,1
Stripe,India,2218,2218.0,1
Daniil Artyomovich fan club,Belarus,2121,2121.0,1
IIIT Delhi,India,2116,1608.4705882352941,17
AE high school,Iran,2084,2075.5,2
GIMŠKL,Slovenia,2109,2109.0,1
aki_tua22,Indonesia,2066,1737.5,2
Imperial College London,United Kingdom,2434,1766.1666666666667,6
Maijima Private HS,Vietnam,2389,2389.0,1
Yoxibob Yoxi Club,Fiji,2096,1828.25,4
darling teammates,Belarus,2139,2077.6666666666665,3
Lynbrook High School,United States,2078,1681.0,4
OTOG,Thailand,2180,2180.0,1
FatihSolak Fan Club,Turkey,2089,2089.0,1
UC Berkeley,United States,2353,2007.0,4
Lanrun Angel Foreign School,China,2059,2059.0,1
FK,Russia,2078,2022.5,2
Brick,British Virgin Islands,2066,2066.0,1
239,Russia,2057,2057.0,1
Nanjing Foreign Languages School,China,2062,2062.0,1
Rakuzan,Japan,2403,2403.0,1
LNOI Group,China,2143,2143.0,1
Oral Bilim Innovation High School,Kazakhstan,2110,2110.0,1
Tianyi High School,China,2214,2214.0,1
Huangshi No.2 Senior High School,China,2079,2079.0,1
AFC(Atreus fan club),Iran,2079,2079.0,1
Autism University,Brazil,2150,2150.0,1
Kashing High School,China,2054,2054.0,1
Yerevan Physmath school,Armenia,2104,1786.0,5
Beijing No. 12 High School,China,2173,2173.0,1
Szkola w Chmurze,Poland,2106,2106.0,1
TRBL Hotam and P.V. Hissar,Tajikistan,2155,1786.0,5
Rabotaem Inc.,Russia,2074,2074.0,1
Sintec,Russia,2049,1864.5,2
Pab,China,2048,2048.0,1
UFMS,Brazil,2080,1695.6666666666667,3
Brac University,Bangladesh,2123,1960.5,2
DA-IICT,India,2081,1512.35,20
IMC financial markets,Netherlands,2336,2336.0,1
BOU VO VML,Russia,2146,2146.0,1
Lyrically fanclub,China,2084,2084.0,1
Kazan IT-lyceum,Russia,2070,1676.0,6
Nanjing University of Aeronautics and Astronautics,China,2058,1713.0,3
GM by 2025,India,2043,2043.0,1
Faculty Of Computer Science El Shorouk Academy,Egypt,2084,1714.6666666666667,3
Anime,Russia,2211,2211.0,1
Carleton College,Mongolia,2041,2041.0,1
FAI Kafrelshiekh University,Palestinian Territory,2082,2082.0,1
Xiangtan University,China,2038,2038.0,1
Ocult Records,Romania,2037,2037.0,1
White bridge black coders,Georgia,2263,2156.5,2
a can of bonduelle,Russia,2033,2033.0,1
Hangzhou Wenyuan Middle School,China,2158,2158.0,1
SundarSTEM School | CS Section,Pakistan,2033,1746.5,4
ulybka,Russia,2224,1758.6666666666667,3
Universidad de Chile,Chile,2217,1952.0,2
Ho Chi Minh City University of Technology,Vietnam,2061,1728.5,4
Universidad Nacional de Trujillo,Peru,2080,2080.0,1
Universidad Nacional de San Agustin,Peru,2030,1569.857142857143,7
Azhar University,Egypt,2027,1646.4285714285713,7
the teletubbies fight for sesc,Russia,2027,1792.5,2
Racunarska gimnazija,Serbia,2027,2027.0,1
High School for the Gifted - VNU.HCM,Vietnam,2130,1588.5833333333333,12
Ohio State University,United States,2027,2027.0,1
Detroit Lions,United States,2027,2027.0,1
Changchun University of Science and Technology,China,2026,1681.0,3
Qingdao No.2 Middle School,China,2025,2025.0,1
ZS Fanclub,Malaysia,2025,2025.0,1
Vienna TU,Austria,2025,2025.0,1
Southwest University for Nationalities,China,2194,2194.0,1
Henry M. Gunn High School,United States,2291,1894.75,4
M78,Croatia,2024,2024.0,1
Singapore Zoo,Singapore,2352,2352.0,1
Putong Fan Club,China,2023,2023.0,1
Tzaph Fan Club,Indonesia,2101,1686.3333333333333,3
Universidade Federal de Goiás,Brazil,2167,2167.0,1
FCI-Cairo university,Egypt,2183,1599.6666666666667,18
Facultad de Ciencias UNAM,Mexico,2051,1700.3333333333333,3
HIAST,Syria,2261,1780.0833333333333,12
III LO we Wrocławiu,Poland,2020,2020.0,1
Tran Dai Nghia High School For The Gifted,Vietnam,2130,1605.0,12
ChangZhou Foreign Languages School,China,2161,2014.0,2
Taylor Swift Fan Club,Russia,2056,1875.0,3
Politecnico Di Torino,Italy,2327,1708.2,5
James Ruse Agricultural High School,Australia,2016,2016.0,1
Tonbridge School,United Kingdom,2074,1871.5,2
Harbin Engineering University,China,2093,1759.6666666666667,3
Universidad de Guadalajara,Mexico,2136,1956.5,4
Kharkov TEC #45,Ukraine,2017,2017.0,1
Wenzhou Middle School,China,2012,1804.5,2
Simon Fraser University,Canada,2131,1911.6666666666667,3
TÜBİTAK Fen Lisesi,Turkey,2012,2012.0,1
jordan university of science and technology,Jordan,2010,1664.4,5
Dsn Fan-Club,Russia,2010,2010.0,1
Red Moon,Russia,2199,1770.6666666666667,3
Littlestar Kindergarten,China,2009,2009.0,1
Terap,China,2024,2024.0,1
Ural FU,Russia,2029,2029.0,1
SESC USU,Russia,2151,1692.2,5
SheepRanger Fan Club,Taiwan,2008,2008.0,1
Manchester United FC,Montserrat,2033,2033.0,1
Daejeon Science High School,South Korea,2167,1654.0,4
Ecole Polytechnique de Tunisie,Tunisia,2020,1769.5,2
TimDee fanclub,Moldova,2007,2007.0,1
National Tsing Hua University,Taiwan,2006,1626.0,6
Sri Lankan Olympiad Mathematics Foundation,United States,2124,2124.0,1
Nanjing University (南京大学),China,2036,1776.5,2
segment oak Beats,Russia,2049,2049.0,1
Mawlana Bhashani Science and Technology University,Bangladesh,2066,1614.4,15
Soochow University,China,2110,1705.0,3
University of Tehran,Iran,2075,1739.3333333333333,3
Inazuma,China,2035,2035.0,1
Bogazici University,Turkey,2295,2035.5,2
全月(Quanyue),Macao,2001,2001.0,1
zxcghouls1000-7?,Kazakhstan,1999,1682.5714285714287,7
IIT Hyderabad,India,2003,1571.388888888889,18
Hailiang Education,China,1998,1641.75,4
zhuoxingmu,China,1998,1998.0,1
Tinkoff Bank,Russia,2446,2151.5,2
Seven Lakes High School,United States,1997,1685.75,4
Shantou Jinshan High School,China,1996,1996.0,1
lexiyvv fan club,Uganda,1995,1995.0,1
McGill University,Canada,2117,1816.0,2
Suzuka's Fan Club,China,1993,1993.0,1
CYF,Belarus,2067,1765.25,4
hohai university,China,1992,1661.6666666666667,9
Woomigwan,South Korea,1992,1992.0,1
Ningbo Polytechnic,China,2116,2116.0,1
UOC-Computer Science Dept.,Greece,1990,1990.0,1
Comilla University,Bangladesh,2085,1618.111111111111,9
CHN-ZIME,China,1989,1709.0,2
Huanggang Middle School,China,1987,1987.0,1
Sofia University,Bulgaria,2355,2355.0,1
Wenling High School,China,1990,1990.0,1
absolute fanclub,Kyrgyzstan,1986,1810.5,2
USTB,China,1985,1985.0,1
IIT Bhilai,India,2119,1606.9166666666667,12
The Affiliated High School of Shanxi University,China,2136,2136.0,1
xjtu,China,2073,2073.0,1
Kingdom of Science,India,1983,1983.0,1
Ho Chi Minh University Technology and Education,Vietnam,1997,1997.0,1
MAEI SS №146,Russia,2017,2017.0,1
NEAR.ai,Switzerland,2245,2245.0,1
Drexel University,Vietnam,2467,2467.0,1
Allame Helli 10,Mongolia,1981,1702.0,2
NIT Srinagar,India,1980,1704.0,3
KRSU,Kyrgyzstan,2181,2181.0,1
Xiamen Experimental High School,China,1979,1979.0,1
College of Technology Pantnagar,India,1978,1978.0,1
ENS Ulm,France,2268,2268.0,1
ehf,Russia,1977,1977.0,1
Takemi Shrine,China,1976,1976.0,1
Indian Institute of Science,India,2184,1781.0,3
University of Vienna,Austria,2298,2298.0,1
VSPO!,Japan,1975,1975.0,1
m371 Fan Club,Serbia,2101,2101.0,1
WenYuan,China,1974,1974.0,1
Cau Giay Secondary School,Vietnam,2032,2032.0,1
Amit Shah Fan Club,Estonia,2090,2090.0,1
Google China,China,2133,2133.0,1
Federal University of Uberlândia,Brazil,2016,2016.0,1
Johns Hopkins University,United States,1983,1983.0,1
SDU (Suleyman Demirel University),Kazakhstan,2006,1724.0,7
Chery Fan Club,China,1971,1797.0,2
Kyushu University,Japan,1998,1998.0,1
Bhoi Fan Club,India,2054,2054.0,1
PTUK,Palestinian Territory,1974,1640.5,6
Fujian Normal University,China,1968,1968.0,1
komarovi N199,Georgia,2265,2265.0,1
BJFU,China,1967,1701.0,4
school komarovi,Georgia,2234,2234.0,1
SpeedRun,Iran,1966,1783.0,2
China University of Petroleum(East China),China,1965,1965.0,1
American University of Beirut,Lebanon,1964,1861.5,2
Rajshahi University of Engineering and Technology,Bangladesh,2048,1606.0666666666666,15
Norwegian University of Science and Technology,Norway,2070,2070.0,1
Tianjin No.1 High School,China,1980,1980.0,1
Druga gimnazija Sarajevo,Bosnia and Herzegovina,2024,1690.0,3
hasan2006_fan_club,Palestinian Territory,1961,1916.5,2
Handan No.1 High School,China,2092,2092.0,1
One And Only,China,1961,1961.0,1
Los Angeles Lakers,United States,2017,2017.0,1
Zhejiang University City College,China,2237,2047.0,3
Faculty OF Engineering Alexandria University,Egypt,2057,1599.888888888889,9
I am LiuTaiji,China,1960,1960.0,1
an org that no one cares about,Russia,2040,2040.0,1
Sejong University,South Korea,2002,2002.0,1
IamGalymzhan fan club,Kazakhstan,2032,1993.5,2
NIT,China,1958,1958.0,1
General Motors,Argentina,2141,2141.0,1
liceum POLIT,Ukraine,2005,2005.0,1
syy_fan_club,China,1957,1957.0,1
Hangzhou Qian Xuesen school,China,1957,1957.0,1
viebu,Tajikistan,1957,1957.0,1
Rakuten,Ukraine,2144,2144.0,1
Changsha University,China,1985,1741.0,3
Snapp Inc.,Iran,1995,1995.0,1
nst.prkp fan club ♥,Belarus,1977,1977.0,1
Inha University,South Korea,2030,1764.6666666666667,3
The Middle School Affiliated to SDU,China,2056,2056.0,1
Gymnasium №39,Russia,1993,1993.0,1
UC Davis,United States,1979,1979.0,1
AoFS Organization,Macao,2120,2120.0,1
Court of Fontaine,France,1971,1971.0,1
USST,China,1952,1952.0,1
No.1 Senior High School of Urumqi,China,2178,2178.0,1
NRU HSE - Moscow,Russia,2095,1839.5,2
Hell,Nepal,2197,2197.0,1
Vo Nguyen Giap High School for Gifted Student,Vietnam,1951,1632.25,4
HFUU,China,2000,1622.2,5
Datasakura,Russia,2211,2211.0,1
Universidad de las Ciencias Informáticas,Cuba,1950,1950.0,1
Knights of the Round Table,Vietnam,2023,2023.0,1
Northwest Agriculture and Forestry University,China,2071,2071.0,1
W,Kazakhstan,2207,2207.0,1
FFFFFFF,Vatican,2004,2004.0,1
Jessore University of Science and Technology,Bangladesh,1947,1567.25,8
Quoc Hoc Hue High School for the Gifted,Vietnam,1947,1711.0,2
Sparkle_ZH's Fans Club,China,2082,2082.0,1
Qilu university of technology,China,2158,1679.75,4
Lycée du Parc,Tunisia,1994,1994.0,1
Fuzhou Shude School,China,1946,1946.0,1
Novosibirsk SU,Russia,1996,1857.3333333333333,3
iui high school,South Korea,1945,1945.0,1
NRNU MEPhI,Russia,1945,1627.375,8
Beijing University of Posts and Telecommunications,China,2065,1747.6666666666667,3
PML №31,Russia,1961,1961.0,1
Caltech,United States,2130,2130.0,1
Taipei Wego Private High School,Taiwan,1972,1972.0,1
Perm SU,Russia,2235,2235.0,1
Shahjalal  University Of Science And Technology,Bangladesh,1943,1560.7272727272727,11
ZJYC,China,1985,1985.0,1
NYCU,Taiwan,2038,2038.0,1
National Institute Of Technology Trichy,India,1943,1943.0,1
Northeast Normal University,China,2052,1778.6666666666667,3
III LO Gdynia,Poland,2137,2137.0,1
Beijing University of Chemical Technology,China,1942,1942.0,1
HIT,China,1942,1942.0,1
Jahangirnagar University,Bangladesh,2085,1692.4,10
Insect Academy of Sciences,China,1941,1941.0,1
lsnu university,China,1941,1759.0,2
Guangdong University of Technology,China,2133,1880.0,2
Oleg Shatov Sect,Russia,2515,2515.0,1
Menofia University,Egypt,1939,1563.142857142857,7
Ajou University,South Korea,1938,1938.0,1
Pa Anh Em,Vietnam,2162,2162.0,1
Microblink,Bulgaria,2298,2298.0,1
Fan-club of Bulat Kharisov,Russia,2040,2040.0,1
North-Eastern Federal University,Russia,2046,2046.0,1
Kobe University,Japan,2137,2137.0,1
IIIT Bangalore,India,1936,1552.4166666666667,12
UDESC,Brazil,1939,1783.5,2
Shimen Experimental School,China,1936,1669.3333333333333,3
Indian Institute of Technology Bombay,India,1935,1935.0,1
Weifang NO.1 Middle School,China,1935,1935.0,1
Incheon National University,South Korea,1969,1969.0,1
Techno Main Salt Lake,India,1935,1935.0,1
THPT Chuyên Hùng Vương - GL,Vietnam,1949,1949.0,1
rat destroyer,Madagascar,1935,1935.0,1
Sprinklr India Pvt. Ltd.,India,1998,1998.0,1
Hongik University,South Korea,1934,1667.5,4
Bahcesehir High School for Science and Technology,Turkey,2010,2010.0,1
Trường THPT Chuyên Phan Bội Châu,Vietnam,1933,1933.0,1
NIT Hamirpur,India,1992,1555.625,8
Smax Fan Club,United States,1933,1933.0,1
zzuli,China,1933,1804.0,2
Maharaja Agrasen Institute of Technology,India,1933,1629.0,5
Road to GM,Bolivia,2185,1867.0,4
Grigore Moisil High School of Computer Science,Romania,1963,1963.0,1
Ho Chi Minh City University of Science,Vietnam,2243,1817.25,4
Zhanaozen BIL,Kazakhstan,1932,1766.5,2
ACM_DIY,Ukraine,2336,2336.0,1
HeFei University of Technology,China,2145,1914.0,2
Xiamen University of technology,China,1931,1931.0,1
IIT Gandhinagar,India,1931,1746.3333333333333,3
University of British Columbia,Canada,1930,1930.0,1
Moscow ISiS,Russia,1928,1641.0,3
NiggaCat,Isle of Man,2038,2038.0,1
Jlb Fans Club,China,1998,1998.0,1
Sky Pillar,China,2093,2093.0,1
xiong_yc Fan Club,China,1932,1753.0,2
Saint Petersburg Electrotechnical University,Russia,1957,1957.0,1
Zoucheng No.1 Middle School,China,2050,2050.0,1
BITS Pilani,India,2046,1654.25,4
Alphacademy,Hungary,1926,1926.0,1
HSEFZ,China,1945,1945.0,1
Russian Technological University (MIREA),Kyrgyzstan,2077,1682.0,3
Ludong University,China,1925,1582.5,8
The F.M.S of Changsha,China,1925,1925.0,1
Hue University of Sciences,Vietnam,1923,1688.0,3
Zhejiang Normal University,China,2009,2009.0,1
Zhejiang Zhuji Huanjiang Middle School,China,1959,1959.0,1
HangZhou DianziUniversity,China,1923,1923.0,1
Sapienza University of Rome,Italy,1922,1922.0,1
Zheng Yang Si Ji Middle School,China,1927,1927.0,1
Izhevsk STU,Russia,2206,1809.5,4
Zagrebački računalni savez,Croatia,1921,1921.0,1
Indian Institute of Technology Kharagpur,India,1921,1608.0,10
MyGo!!!!!,Japan,1921,1921.0,1
Universidade Federal do Ceará,Brazil,2194,2194.0,1
Media.net,India,1920,1920.0,1
Donghua University,China,2027,1698.6666666666667,3
SoundHound Inc.,France,2191,2191.0,1
Letovo School,Russia,1986,1769.3333333333333,3
Joom,Russia,2516,2516.0,1
IIT Roorkee (IITR),India,1718,1572.3333333333333,6
IIIT Allahabad,India,1795,1545.4102564102564,39
Hunan University of Technology,China,1611,1554.4,5
Abhi8803 fan club,India,1610,1538.5,6
Nanjing Forestry University,China,1607,1543.5,2
Jadavpur University,India,1607,1544.375,8
NBU,China,1656,1656.0,1
BITS Pilani Goa Campus,India,2008,1588.75,16
St Petersburg AU,Russia,1826,1826.0,1
Nile University,Egypt,1791,1612.6666666666667,3
BSMRSTU,Bangladesh,1800,1549.6666666666667,15
National Institute of Technology Patna,India,1695,1532.142857142857,14
USP,Brazil,1606,1606.0,1
Netaji Subhas University of Technology,India,1685,1559.55,20
LNCT Bhopal,India,1727,1584.0,5
Newark Academy,United States,1606,1606.0,1
Banqiao Senior High School,Taiwan,1690,1589.0,2
Hello World,Slovakia,1656,1656.0,1
Wuhu No.27 Middle School,China,1606,1606.0,1
Shandong Jianzhu University,China,1606,1606.0,1
Al Baath University.,Syria,1783,1783.0,1
2007 10Е,Russia,1751,1751.0,1
Jinling Institute of Technology,China,1925,1925.0,1
VISHWAKARMA INSTITUTE OF TECHNOLOGY,India,1610,1476.0,3
Hate-club of bibikov1,Russia,1605,1605.0,1
Indian Institute Of Technology (BHU) Varanasi,India,1612,1612.0,1
ajay kumar garg engineering college,India,1945,1551.3333333333333,12
Zhongyuan University,China,1605,1605.0,1
IIT(BHU) Varanasi,India,1605,1605.0,1
SDUT,China,1605,1547.0,2
Suzhou Institute of Technology,China,1605,1605.0,1
kkks clan,China,1605,1605.0,1
Universidad de Murcia,Spain,1855,1855.0,1
snus lovers club,Russia,1710,1710.0,1
Dalian University,China,1605,1605.0,1
Babeș-Bolyai University,Romania,1810,1676.0,2
Orifleim,Kazakhstan,1960,1960.0,1
Amirkabir University of Technology,Iran,2044,2044.0,1
Indian Institute Of Technology Varanasi,India,1604,1604.0,1
Misr High Institute .,Egypt,1604,1604.0,1
TDV - Bakı Türk liseyi,Azerbaijan,1644,1644.0,1
United International University,Bangladesh,1603,1562.0,2
The University of Hong Kong,Mongolia,1610,1610.0,1
23rd Dynasty,Turkey,1698,1679.0,2
IIIT  Allahabad,India,1809,1581.375,8
IIT Jodhpur,India,1603,1484.4545454545455,11
NIT Raipur,India,1691,1496.0,7
Heritage Institute Of Technology,India,1632,1519.5,2
Technical University Gheorghe Asachi of Iasi,Romania,1603,1603.0,1
South China Normal University,China,1642,1576.0,3
Brainstorm,India,1790,1790.0,1
IIIT KOTTAYAM,India,1708,1609.6,5
Faculty of Engineering - Mansoura University,Egypt,1732,1538.111111111111,9
Alameh Helli 5,Iran,1688,1688.0,1
LNMIIT,India,1749,1567.3636363636363,11
Hung Yen Specialized High School,Vietnam,1712,1640.0,2
Heilongjiang University,China,1602,1558.6666666666667,3
_RED__ Fan Club,Palestinian Territory,1692,1692.0,1
Indian Institute of Technology Roorkee,India,1845,1594.9,10
Lushan School of FLS,China,1601,1601.0,1
Guangzhou Tieyi High School,China,1673,1673.0,1
KIET GROUP OF INSITUTIONS,India,1601,1488.3333333333333,6
Guangxi University,China,1601,1536.5,2
Dushyant singh fan club,India,1894,1730.5,2
Dartmouth,United States,1989,1989.0,1
null,China,1600,1600.0,1
Shuchiin Academy,Japan,1600,1600.0,1
Dayananda Sagar College Of Engineering,India,1789,1522.2307692307693,13
VNR VJIET,India,1688,1537.0,7
Ukg Ktl,Kazakhstan,1600,1560.3333333333333,3
UFV,Brazil,1780,1645.3333333333333,3
TDog Religion,Japan,1600,1600.0,1
National Taipei University of Technology,Taiwan,1786,1786.0,1
IIT Ropar,India,1754,1591.0,4
University of Chittagong,Bangladesh,1599,1557.6666666666667,3
University of Auckland,New Zealand,1599,1599.0,1
Tianjin Polytechnic University,China,1599,1599.0,1
ZAFU,China,1658,1616.25,4
BMS college of engineering,India,1599,1540.5,2
Nguyen Tat Thanh Gifted High School,Vietnam,1660,1609.5,2
Southwest Minzu University,China,1598,1499.5,2
IIIT Sonepat,India,1664,1508.4444444444443,9
Indian Institute Of Technology Jodhpur,India,1598,1551.2857142857142,7
Minzu University of China,China,1598,1598.0,1
FAFU,China,1599,1599.0,1
Lviv NU,Ukraine,1871,1748.5,2
Jamia Millia Islamia,India,1607,1545.3333333333333,3
Harbin University of Science and Technology,China,1718,1718.0,1
IIIT Bhagalpur,India,1597,1486.857142857143,7
American International University Bangladesh,Bangladesh,1641,1565.75,4
Фан-клуб PrideBlack,Russia,1733,1677.0,2
IIIT Vadodara,India,1724,1553.6666666666667,6
TYZ2022,China,1608,1608.0,1
Wroclaw University of Science and Technology,Poland,1653,1653.0,1
#define int long long gang,Canada,2030,2030.0,1
Telkom University,Indonesia,1671,1595.0,3
CYB Codergang,Vietnam,1836,1836.0,1
PSG iTech,India,1594,1564.0,2
club of love a geometry,Russia,1594,1594.0,1
I_HATE_GEOMETRY,Russia,1833,1833.0,1
305a,Belarus,1594,1594.0,1
Pinghushi Zhichuan School,China,1912,1912.0,1
12306,China,1622,1622.0,1
RBC_202,India,1594,1594.0,1
THPT Chuyen Ha Long,Vietnam,1646,1646.0,1
Madan Mohan Malaviya University of Technology,India,1683,1560.3333333333333,12
NIS Semey,Kazakhstan,1726,1726.0,1
Almaty KTL,Kazakhstan,2007,2007.0,1
Zhoushan Senior-High,China,1794,1794.0,1
Universidad Autonoma de Ciudad Juarez,Mexico,1593,1593.0,1
Shijiazhuang Tiedao University,China,1655,1655.0,1
THPT Chuyen Le Hong Phong Nam Dinh,Vietnam,1753,1753.0,1
AtCoder_fan_club,India,1672,1672.0,1
University of Washington,United States,1986,1684.6666666666667,3
NIT Warangal,India,1677,1554.142857142857,7
University of Bath,Ireland,1681,1681.0,1
Premier University Chittagong,Bangladesh,1628,1628.0,1
CHANDIGARH UNIVERSITY,India,1652,1532.5714285714287,7
Blibli.com,Indonesia,1659,1659.0,1
(IIT) ISM DHANBAD,India,1610,1529.5,4
Tongling No.1 High School,China,1698,1698.0,1
Jiaochuan Academy,China,1589,1589.0,1
Al-Baath University,Syria,1849,1849.0,1
SVNIT,India,1822,1737.5,2
Tatars,Kazakhstan,1672,1672.0,1
Universidad Panamericana,Mexico,1673,1594.0,2
HNCU,China,1588,1588.0,1
NEPU,China,1587,1587.0,1
INSAT,Tunisia,1800,1610.5,6
Reykjavik University,Iceland,1586,1586.0,1
The University of Texas at Austin,United States,1588,1588.0,1
Guangzhou Nanfang University,China,1654,1654.0,1
ADA University,Azerbaijan,1723,1723.0,1
lyceum №29,Russia,1585,1585.0,1
Fuyang Normal University,China,1738,1738.0,1
THPT Marie Curie,Vietnam,1816,1816.0,1
Xiamen No.1 High School of Fujian,China,1608,1608.0,1
Fci south valley university,Egypt,1664,1538.3333333333333,6
DMCE,India,1786,1786.0,1
SlavicG fanclub,Moldova,1583,1583.0,1
Jimei University,China,1662,1596.6666666666667,3
IIIT Bhubaneswar,India,1838,1838.0,1
NUBNUBNUBNUB,Georgia,1776,1776.0,1
Bangladesh University of Business and Technology,Bangladesh,1596,1474.1,10
FCI Kafrelsheikh University,Egypt,1632,1607.0,2
Xi'an Youdian University,China,1707,1707.0,1
NIT Kurukshetra,India,1636,1552.142857142857,7
Monash University,Australia,1589,1589.0,1
University of Tokyo,Japan,1761,1761.0,1
cxhscst2's Fans Club,China,1991,1991.0,1
JZ No.1 Middle School,China,1580,1580.0,1
TRLI Hotam and PV,Tajikistan,1733,1610.6666666666667,3
THPT Chuyên Biên Hoà Hà Nam,Vietnam,1924,1924.0,1
Quoc Hoc Hue,Vietnam,1580,1580.0,1
Syrian Virtual University,Syria,1679,1577.25,4
ICPC ORGANIZER,Senegal,1579,1579.0,1
Minya University,Egypt,1732,1489.0,9
Universidad de Oriente,Cuba,1608,1553.0,3
Yosik BIL,Kazakhstan,1685,1607.75,4
PMF Podgorica,Montenegro,1631,1631.0,1
Naruto Fandom,India,1659,1659.0,1
IIITA,India,1578,1578.0,1
IET DAVV,India,1988,1601.4285714285713,7
Yancheng Luming Road JHS,China,1578,1578.0,1
Gokuldham Society,India,1578,1578.0,1
swust,China,1599,1599.0,1
FESMU,Russia,1774,1774.0,1
FCI Luxor University,Egypt,1607,1607.0,1
Free University of Berlin,Germany,1577,1577.0,1
Voronezh State University,Russia,1577,1577.0,1
Indian Institute Of Technology Gandhinagar,India,1578,1578.0,1
ECJTU,China,1635,1635.0,1
Black Sea National University,Ukraine,1680,1680.0,1
Universidad Catolica Boliviana San Pablo,Bolivia,1626,1626.0,1
Antihype,Russia,1617,1617.0,1
Trường THPT Chuyên Vĩnh Phúc,Vietnam,1609,1536.0,2
Billal Hossain fan club,Bangladesh,1760,1630.5,2
Lobachevsky State University of NN,Russia,1575,1575.0,1
Do Dang Truc An,Vietnam,1805,1805.0,1
IIT BHU,India,1679,1534.2727272727273,11
IIIT Nagpur,India,1575,1575.0,1
Straw Hat Pirates,India,1574,1574.0,1
PTIT Vietnam,Vietnam,1832,1557.4,5
International Islamic University Chittagong,Bangladesh,1617,1513.3333333333333,15
KCIS Taipei Campus,Taiwan,1666,1666.0,1
h_squared Fan Club,South Korea,1597,1597.0,1
Xi'an University of Technology,China,1725,1725.0,1
Shahid Ezheie 3,Iran,1574,1574.0,1
Tufts University,United States,1574,1574.0,1
Southwest University,China,1574,1574.0,1
IUH.H32PL,Vietnam,1900,1623.5,4
Jalpaiguri Government Engineering College,India,1757,1611.5,2
Universidad del Valle,Colombia,1573,1573.0,1
Indian Institute of Technology Patna,India,1587,1530.6,5
South-Central Minzu University,China,1573,1573.0,1
bhagwan parshuram institute of technology,India,1648,1587.1666666666667,6
Xuzhou University of Technology,China,1573,1573.0,1
King's College London,Romania,1990,1990.0,1
NIT Calicut,India,1630,1609.5,2
Chuyen Nguyen Hue,Vietnam,1889,1670.25,4
Elektronski fakultet Niš,Serbia,1582,1582.0,1
Wuhan University  of Technology,China,1572,1504.0,3
BCMS,China,1572,1572.0,1
Pabna University of Science and Technology,Bangladesh,1631,1631.0,1
Improvis,Armenia,1606,1526.0,3
NIT Rourkela,India,1616,1558.888888888889,9
Bayt Al-Ḥikmah,Egypt,1872,1872.0,1
Henan Normal University,China,1592,1512.0,2
Dasturchilar klubi,Uzbekistan,1707,1609.5,4
Computers and Information Fayoum university,Egypt,1678,1505.375,8
Jiaozuo No.1 High School,China,1568,1568.0,1
LASM,Moldova,1630,1594.0,2
AGH University of Science and Technology,Poland,1568,1499.6666666666667,3
JGSU,China,1568,1568.0,1
North South University,Bangladesh,1608,1516.0,7
Arab Academy for Science and Technology,Egypt,1682,1682.0,1
FCAI - BSU,Egypt,1567,1526.5,2
SundarSTEM Class 10-B,Pakistan,1578,1578.0,1
OmarAbdo|FanClub,Egypt,1663,1595.5,2
Shizuoka HighSchool,Japan,1577,1577.0,1
MLZ inc.,Russia,1649,1649.0,1
Harbin Institute of Technology@Weihai,China,1664,1543.5,2
Pranveer Singh Institue Of Technology,India,1742,1742.0,1
Fan club of Taras Derkach,Ukraine,1566,1566.0,1
NJU,China,1655,1655.0,1
University of Melbourne,Vietnam,1834,1834.0,1
ZSP nr 1 im.ks. S. Konarskiego,Poland,1565,1565.0,1
Namangan Presidential School,Uzbekistan,1565,1565.0,1
Home,United States,1632,1632.0,1
Shandong University of Technology,China,1697,1605.0,2
SCTR'S Pune Institute of Computer Technology,India,1564,1564.0,1
Indian Institute of Information Technology Surat,India,1563,1507.5,2
IIIT - Guwahati,India,1586,1509.6666666666667,3
Gokaraju Rangaraju Institute of Engineering,India,1616,1535.3333333333333,3
Zhejiang Sci-Tech University,China,1589,1589.0,1
Motilal Nehru National Institue of Technology,India,1617,1476.7333333333333,15
naseem17_fans_club,Syria,1579,1579.0,1
SFU IKIT,Russia,1569,1569.0,1
NIT Puducherry,India,1579,1579.0,1
Lhf Fan Club,China,1738,1738.0,1
IIT(ISM) DHANABAD,India,1561,1513.0,4
Daffodil International University,Bangladesh,1561,1485.6363636363637,11
Tomsk PU,Antarctica,1860,1860.0,1
Faculty of Engineering - Minya University,Egypt,1623,1587.5,2
GBOU FMS 2007,Russia,1581,1581.0,1
Cairo University -FCAI,Egypt,1712,1712.0,1
Maulana Azad National Institute of Technology,India,1728,1538.9285714285713,14
psychiatric hospital 9,Belarus,1628,1540.5,4
Thakur college of Engineering and Technology,India,1579,1579.0,1
NIT Agartala,India,1707,1547.1666666666667,6
gujarat university,India,1560,1560.0,1
Computer Center,Belarus,1559,1559.0,1
Wu-Tang Clan,Antarctica,1636,1636.0,1
IUG,Palestinian Territory,1597,1597.0,1
QUST,China,1559,1533.6666666666667,3
Macao Computer Society,Macao,1561,1561.0,1
Indian Institute of Technology Delhi,India,1715,1521.857142857143,7
Indian Institute of Technology Kanpur,India,1670,1581.0,2
Gymnasium J.J.Zmaj,Serbia,1558,1558.0,1
guat,China,1558,1492.5,2
Chittagong University of Eng and Tech,Bangladesh,1728,1540.388888888889,18
PES University,India,1600,1521.5,4
Linyi University,China,1609,1597.0,2
I LOVE DIANA GUBAR,Ukraine,1557,1557.0,1
NIT Durgapur,India,1748,1533.875,8
Tamer El-Gayar Fan Club,Egypt,1557,1483.5,2
SMART Family Sohag,Egypt,1557,1557.0,1
Chengdu University of Information Technology,China,1698,1698.0,1
@progmatic fan club,Bangladesh,1658,1658.0,1
Damascus University - CAE,Syria,1709,1709.0,1
Veermata Jijabai Technological Institute,India,1573,1530.6666666666667,3
Gimnazija Požega,Croatia,1639,1575.0,3
IIIT Kota,India,1784,1571.25,4
mkshh fan-club,Japan,1729,1729.0,1
1st secondary school of Ulaanbaatar,Algeria,1555,1555.0,1
USICT,India,1856,1856.0,1
Damascus University ITE,Syria,1659,1561.25,4
Military Institute of Science and Technology,Bangladesh,1660,1523.75,4
bieoiibe_fanclub,Vietnam,1554,1554.0,1
Arch Forum,India,1553,1553.0,1
Brigham Young University,United States,1618,1609.0,2
Thadomal Shahani Engineering College,India,1645,1630.75,4
IIT (BHU) Varanasi,India,1567,1497.0,2
Liceul de Informatica Iasi,Romania,1552,1552.0,1
Hanoi - Amsterdam High School for the Gifted,Vietnam,1591,1571.5,2
Università di Udine,Italy,1661,1661.0,1
CMRCET,India,1664,1664.0,1
TCFSH,Taiwan,1556,1556.0,1
MO's algo enjoyers,Russia,1630,1630.0,1
NIT Jalandhar,India,1624,1565.6666666666667,3
Ningbo Science High School,China,1551,1551.0,1
HZAU,China,1713,1575.6666666666667,3
Hunan University of Science and Technology,China,1552,1505.7142857142858,7
Zhaksylyk Fan Club,Kazakhstan,1550,1550.0,1
Nerdvana,Romania,1550,1550.0,1
BFCAI Benha University,Egypt,1753,1552.875,8
CODE work,Russia,1550,1550.0,1
East West University,Bangladesh,1550,1499.0,3
Gimnazija Lucijana Vranjanina,Croatia,1620,1620.0,1
Universitat Illes Balears,Spain,1550,1550.0,1
MNNIT-A,India,1550,1550.0,1
Vladimir Kurenkov fun club,Russia,1600,1600.0,1
I-Love-niggers,Kazakhstan,1737,1737.0,1
CW's Fans Club,China,1549,1549.0,1
Kookmin University,South Korea,1683,1683.0,1
Farzanegan3,Iran,1549,1549.0,1
ONAFT,Ukraine,1752,1752.0,1
Suzhou University of Science and Technology,China,1745,1575.6666666666667,3
Yuyao High School,China,1988,1988.0,1
Lycée Pilote de Sfax,Tunisia,1682,1682.0,1
National Cheng Kung University,Taiwan,1548,1548.0,1
Pyqe Fan Club,Indonesia,1594,1594.0,1
L.D. College Of Engineering,India,1689,1607.0,3
MAN Insan Cendekia Serpong,Indonesia,1699,1699.0,1
' IIT - Guwahati ',India,1548,1528.0,2
full solvers,Saudi Arabia,1547,1482.0,2
Malaviya National Institute of Technology(MNIT),India,1792,1704.0,3
IPVCE Carlos Roloff,Cuba,1571,1571.0,1
Mandarinka,Belarus,1546,1546.0,1
You can have all that you ever want,India,1546,1546.0,1
hi,Egypt,1546,1546.0,1
Jaber Fan Club,Syria,1580,1526.6666666666667,3
V4,North Korea,1635,1635.0,1
Viettel,Vietnam,1759,1759.0,1
Universitas Gadjah Mada,Indonesia,1863,1863.0,1
Little PyPy Squad,Russia,1590,1590.0,1
Ohutonics Research Institute,Japan,1746,1746.0,1
(AUST) University,Syria,1545,1545.0,1
We love you Dima!,Belarus,1544,1544.0,1
Faculty of Engineering at Shoubra,Palestinian Territory,1694,1514.8,5
NEOI 2023,China,1567,1567.0,1
Linear Algebra Fun Club,Kazakhstan,1622,1558.0,2
Teryak_Fourooshy,India,1544,1544.0,1
IIIT Dharwad,India,1618,1545.5,2
ABV-IIITM Gwalior,India,1656,1544.0,2
China Jiliang University,China,1543,1543.0,1
Constructor Institute,Kazakhstan,1761,1761.0,1
Chinese Communist Youth League,China,1542,1542.0,1
Ivanovo State Power University named by Lenin V.I.,Russia,1697,1697.0,1
NIT KKR,India,1830,1830.0,1
Industrial University Ho Chi Minh city,Vietnam,1541,1541.0,1
ZJXU,China,1580,1580.0,1
AKS University,India,1541,1541.0,1
@Farid Murad Fan Club,Egypt,1541,1541.0,1
Instituto Superior Técnico,Portugal,1560,1560.0,1
vinnipuh01 Fan-Club,Kazakhstan,1663,1663.0,1
Galen Colin fan-club,India,1540,1540.0,1
BaN,Spain,1787,1787.0,1
ITESM Campus Guadalajara,Mexico,1540,1540.0,1
KNTU,Iran,1994,1994.0,1
Sylhet Engineering College,Bangladesh,1615,1551.857142857143,7
IPVCE Ernesto Guevara,Cuba,1733,1733.0,1
NURORDA High School,Kazakhstan,1619,1619.0,1
IIIT-R,India,1539,1539.0,1
haui,Vietnam,1647,1647.0,1
ENSTA Paris,Tunisia,1741,1741.0,1
IIT Jammu,India,1566,1541.3333333333333,3
Liverpool FC,China,1538,1538.0,1
Le Hong Phong high school for the gifted,Vietnam,1538,1485.3333333333333,3
VNUK++,United Kingdom,1546,1525.6666666666667,3
amlelephant fan club,United Kingdom,1551,1551.0,1
Muhammadjon Hakimov's Fan-club,Tajikistan,1537,1537.0,1
Physics and Mathematics lyceum #1 by M.Osimi,Tajikistan,1633,1633.0,1
University of Szeged,Hungary,1665,1665.0,1
THPT Tay Ho-Ha Noi,Vietnam,1650,1650.0,1
IIT Madras,India,1644,1587.5,2
Long An High School for the Gifted,Vietnam,1573,1573.0,1
COPs DSEU,India,1589,1545.5,2
Shahid Madani High School,Iran,1852,1852.0,1
American University of Central Asia,Kyrgyzstan,1562,1459.0,3
FCAI  sohag University,Egypt,1535,1535.0,1
IIIT UNA,India,1654,1654.0,1
AASTU,Ethiopia,1554,1554.0,1
Allame Helli 4,Iran,1648,1648.0,1
THPT chuyên Lê Khiết,Vietnam,1554,1554.0,1
1337 furure is loading,Morocco,1755,1620.5,2
FonTex,Argentina,1879,1879.0,1
China Genshin University,Russia,1533,1533.0,1
Huaibei Normal University,China,1533,1533.0,1
University Visvesvaraya College of Engineering,India,1662,1575.0,2
Quzhou No.4 Middle School,China,1543,1472.0,2
Clear and sunny day,China,1533,1533.0,1
Industrial University of Ho Chi Minh city,Vietnam,1532,1532.0,1
FQtwink20,Kazakhstan,1532,1532.0,1
Narula Institute of Technology,India,1570,1570.0,1
Taipei Municipal Datong High School,Taiwan,1556,1556.0,1
Suzhou Xinghai High School,China,1538,1538.0,1
Kyung Hee University,South Korea,1620,1584.6666666666667,3
7-DIMI,Uzbekistan,1573,1573.0,1
Zagazig University,Palestinian Territory,1724,1724.0,1
OTIA,China,1531,1531.0,1
mkshh hate club,Bhutan,1713,1581.5,2
Shahid Ezheie 1,Iran,1957,1721.0,2
sdfz,China,1530,1530.0,1
Faculty of Sciences Cairo university,Egypt,1530,1453.3333333333333,3
Gachon Univeristy,South Korea,1530,1530.0,1
Lovely Professional University,India,1694,1523.6666666666667,6
Netaji Subhas Institute Of Technology,India,1627,1588.3333333333333,3
Patuakhali Science and Technology University,Bangladesh,1529,1489.0,2
Universitat Politecnica de Valencia,Spain,1529,1485.25,4
Noakhali Science and Technology University,Bangladesh,1696,1612.2,5
Khulna University,Bangladesh,1583,1523.0,2
Canberra Grammar School,Australia,1528,1528.0,1
Irkutsk State University,Russia,1592,1592.0,1
Jangar Fan Club,Mongolia,1588,1509.5,2
Comandante-Ferraz Research Stn,Antarctica,1569,1569.0,1
IIT DHANBAD,India,1762,1522.8333333333333,6
ŽKH,Slovakia,1528,1510.5,2
Kharkiv University of Economics,Ukraine,1758,1758.0,1
Lebanese American University,Lebanon,1937,1710.0,2
Metropolitan University,Bangladesh,1687,1571.5,2
Bharati Vidyapeeth's College of Engineering,India,1623,1623.0,1
UFPE,Brazil,1632,1560.3333333333333,3
RAF,Serbia,1527,1527.0,1
Gym n. a Spartak Moshny Siske,Niger,1530,1530.0,1
Universidad Complutense de Madrid,Spain,1527,1463.25,4
Guangrao NO.1 Middle School,China,1527,1527.0,1
Ujs,China,1567,1567.0,1
Vignan's Institute of Information Technology,India,1527,1527.0,1
HFUT,China,1654,1552.0,2
Bad Luck Club,Japan,1577,1577.0,1
Universidade Federal do Amazonas,Brazil,1901,1626.3333333333333,3
0iq club,Kazakhstan,1572,1572.0,1
Kasapistan,Turkey,1733,1733.0,1
AHUT,China,1526,1526.0,1
ICHB + Nerdvana,Romania,1558,1558.0,1
Kattis,Singapore,1526,1526.0,1
ABBYY,Serbia,1582,1582.0,1
An-najah university,Palestinian Territory,1591,1520.3333333333333,3
IOI AKer Club,China,1580,1580.0,1
Nanchang University,China,1578,1570.0,2
Danang University of Science and Technology,Vietnam,1561,1553.5,2
DCAM MIPT,Russia,1525,1525.0,1
Criteo,France,1650,1650.0,1
AlBaath University,Syria,1823,1681.0,2
rebuilding,China,1946,1946.0,1
Botswana FanClub,Hong Kong,1524,1524.0,1
Thai Nguyen Gifted High School,Vietnam,1630,1630.0,1
NERU,Tajikistan,1549,1549.0,1
STEM 6th October High School for Boys,Egypt,1524,1524.0,1
sohag university,Egypt,1596,1474.25,8
Why do we fall? So we can learn pick ourselves up.,Vanuatu,1524,1524.0,1
Taichung Mingdao High School,Taiwan,1592,1592.0,1
Cốc Cốc,Vietnam,2011,2011.0,1
Success Code,Russia,1601,1546.0,3
Mclean Highschool,United States,1615,1615.0,1
IIT-BHU,India,1522,1456.6666666666667,3
Japan Advanced Institute of Science and Technology,Japan,2010,2010.0,1
Jiangsu University of Science and Technology,China,1630,1630.0,1
Federal University of Paraná,Brazil,1628,1628.0,1
Mirzo Ulughbek School,Uzbekistan,1521,1521.0,1
THPT Chuyen Luong Van Chanh,Vietnam,1606,1606.0,1
The Attached Middle School to JXNU,China,1521,1521.0,1
Jiangshan High School,China,1520,1520.0,1
AUST,Bangladesh,1539,1517.3333333333333,3
Tmath,Vietnam,1681,1681.0,1
Walmart,India,1519,1519.0,1
Justin Cyber,Palestinian Territory,1519,1519.0,1
FGIET RAEBARELLI,India,1525,1525.0,1
Dalian Maritime University,China,1584,1529.6666666666667,3
NIT DELHI,India,1529,1529.0,1
ZJGSU,China,1519,1519.0,1
Bombay Scottish School,India,1716,1716.0,1
KMUTT,Thailand,1519,1519.0,1
Penguin Intelligence Agency,Antarctica,1681,1605.6666666666667,3
MNIT Jaipur,India,1731,1731.0,1
Graphic Era University,India,1672,1541.8333333333333,6
Universidad de Ingeniería y Tecnología,Peru,1607,1607.0,1
ENSI,Tunisia,1622,1523.0,7
No Title,Egypt,1518,1518.0,1
Indian Institute of Technology Dhanbad,India,1518,1465.5,2
10A3 Tin - HSGS,Vietnam,1518,1518.0,1
Ahmed57 Fan Club,Egypt,1517,1517.0,1
Rushan Fuqian Rd School,China,1520,1520.0,1
the depot of Leprechauns on No.68 Floating Island,China,1525,1525.0,1
M O T I V A T E D,Kazakhstan,1634,1634.0,1
Hangzhou No.2 High School Baimahu,China,1584,1582.0,2
No Intern Club,India,1571,1571.0,1
Facultad de Ingeniería - UNAM,Mexico,1517,1462.3333333333333,3
EML #29,Russia,1660,1660.0,1
DentalMonitoring,France,1515,1515.0,1
SZ Foreign Language School,China,1552,1552.0,1
Shaoguan University,China,1534,1483.0,2
Max=Maks=Macs=scaM,United States,1523,1523.0,1
Universidad Nacional de Colombia Sede Medellín,Colombia,1559,1476.75,4
COEP Technological University,India,1523,1523.0,1
KCC institute of technology and management,India,1514,1514.0,1
WWP HSS,United States,1513,1513.0,1
Xiexiu Junior Middle School,China,1513,1509.0,2
sobrinos de sesar,Mexico,1595,1595.0,1
Zhengzhou University of Light Industry,China,1513,1513.0,1
BEWFZ,China,1600,1547.5,2
Nayra fan club,Egypt,1512,1512.0,1
THPT Chuyên Hoàng Lê Kha,Vietnam,1512,1458.6666666666667,3
Xinjiang University,China,1588,1588.0,1
INDIAN INSTITUTE OF TECHNOLOGY VARANASI ( IIT BHU),India,1618,1525.142857142857,7
Scaler School of Technology,India,1512,1508.0,2
University of Havana,Cuba,1984,1747.0,2
Tianfu No.7 High School,China,1677,1677.0,1
Squirtle Ki Gang,India,1511,1511.0,1
sungkyunkwan univ.,Singapore,1567,1567.0,1
Truong THPT Chuyen Ha Tinh,Vietnam,1593,1593.0,1
University of Jordan,Jordan,1510,1510.0,1
Guru Ghasidas University,India,1560,1560.0,1
i hate edu rounds,India,1583,1583.0,1
IIT Palakkad,India,1510,1468.0,4
Damietta University,Egypt,1539,1539.0,1
P. L. Kapitsa Phystech Lyceum,Russia,1613,1570.0,2
Vasavi College Of Engineering,India,1584,1584.0,1
IIT (ISM) dhanbad,India,2054,2054.0,1
BRUH™,Palestinian Territory,1529,1529.0,1
Hajmola fan club,India,1567,1567.0,1
Ningxia university,China,1730,1730.0,1
Tehran University,Iran,1589,1589.0,1
ISU IMIT,Russia,1508,1490.0,2
National Institute of Technology Goa,India,1609,1609.0,1
Future Gadget Lab,Vietnam,1583,1583.0,1
Liceul Tehnologic Aluniș,Romania,1508,1508.0,1
Le Hong Phong High school,Vietnam,1624,1511.3333333333333,3
Hanyang University (ERICA),South Korea,1556,1556.0,1
harshit15 fan club,India,1721,1721.0,1
Royal Institute of Technology,Sweden,1533,1533.0,1
IIT - Guwahati,India,1516,1505.0,2
Prva gimnazija Varazdin,Croatia,1506,1506.0,1
AAUP,Palestinian Territory,1613,1613.0,1
University of Science and Technology Beijing,China,1789,1789.0,1
Rangamati Science and Technology University,Bangladesh,1641,1530.5,2
RadhyaBebek,Indonesia,1600,1600.0,1
Dwarkadas J. Sanghvi College of Engineering,India,1665,1530.2,5
RoAlgo,Romania,1558,1545.0,2
National Institute of Technology Kurukshetra,India,1508,1508.0,1
East China University of Technology,China,1559,1536.5,2
Metal Oxide Semiconductor Field Effect Transistor,Turkey,2062,2062.0,1
thpt chuyen luong the vinh,Vietnam,1681,1681.0,1
maharaja surajmal institute of technology,India,1545,1545.0,1
Graphic era deemed university,India,1512,1484.0,2
Hanoistar Secondary School,Vietnam,1504,1504.0,1
tatar solvers,Russia,1694,1694.0,1
IIT Ravet,India,1518,1518.0,1
Instituto Tecnologico de Culiacan,Mexico,1569,1509.5,2
Cool Minecraft Players,Poland,1503,1503.0,1
A2SV,Ethiopia,1503,1503.0,1
Damanhour university - Faculty of computer science,Egypt,1665,1665.0,1
OshSema,Kyrgyzstan,1516,1516.0,1
Varendra University,Bangladesh,1503,1503.0,1
Ulyanovsk STU,Russia,1987,1743.0,2
Anhui University,China,1578,1578.0,1
Luxor University,Palestinian Territory,1595,1541.6666666666667,3
NSUT Delhi,India,1502,1502.0,1
HUST RC,China,1506,1506.0,1
Tecnologico de Monterrey,Mexico,1758,1758.0,1
Shaqra,Saudi Arabia,1501,1501.0,1
geom-hate club,Russia,1686,1686.0,1
Suez Canal University,Egypt,1632,1500.4166666666667,12
Bac Ninh High School for Gifted Students,Vietnam,1501,1462.3333333333333,3
NIT Manipur,India,1584,1584.0,1
Shaoxing No.1 Middle School,China,1567,1567.0,1
Motilal Nehru National Institute Of Technology,India,1539,1475.6666666666667,6
Yeongheung High School,South Korea,1501,1501.0,1
IUT(Islamic university of technology),Palestinian Territory,1595,1595.0,1
fan-club of RockyB,Kazakhstan,1689,1689.0,1
Balkh Army,Tajikistan,1709,1709.0,1
University of Information Technology and Sciences,Bangladesh,1500,1500.0,1
THPT Chuyên Lương Văn Tuỵ,Vietnam,1500,1500.0,1
Iran University of Science And Technology,Iran,1500,1448.5,2
Visvesvaraya National Institute of Technology,India,1648,1588.2,5
SZTU,China,1815,1617.5,2
National Institue of Technology Silchar,India,1650,1650.0,1
City.109,China,1534,1534.0,1
Fr. Conceicao Rodrigues Institute Of Technology,India,1516,1516.0,1
Changchun University,China,1720,1720.0,1
DAV Nerul,India,1570,1570.0,1
IIEST Shibpur,India,1505,1488.6666666666667,3
SundarSTEM Class 11-B,Pakistan,1593,1593.0,1
BABU FANCLUB,India,1632,1546.5,4
PNRPU,Russia,1498,1498.0,1
Type A of Antarctica Orcas,Antarctica,1535,1535.0,1
Thcs Archimedes,Vietnam,1535,1535.0,1
Abobo gare,Ivory Coast,1665,1665.0,1
Indian Institute of Technology Guwahati,India,1543,1485.0,2
BSDEFZ,China,1532,1532.0,1
RWTH Aachen,Germany,1497,1497.0,1
Amrita Vishwa Vidyapeetham,India,1791,1791.0,1
Warsaw University of Technology,Poland,1496,1496.0,1
njtech,China,1529,1529.0,1
Beijing No.80 High School,China,1500,1500.0,1
Earth,Iran,1947,1774.0,2
Saratov Algorithms Haters Club,Russia,1507,1507.0,1
ILS - Informatics of Lam Son,Vietnam,1533,1533.0,1
IIT Dehi,India,1545,1545.0,1
K L University,India,1571,1571.0,1
University of Calgary,Canada,1508,1508.0,1
ZUST,China,1551,1551.0,1
s0meh0pen,United States,1494,1494.0,1
Wuhan Textile University,China,1493,1493.0,1
Yangzhou University,China,1493,1493.0,1
IIT-I,India,1739,1739.0,1
ITSUR,Mexico,1604,1508.0,3
Yerevan State University,Armenia,1631,1627.5,2
Thapar Institute of Engineering and Technology,India,1516,1495.0,2
4th floor toilet,Singapore,1492,1492.0,1
zoo,Kazakhstan,1542,1493.0,3
Hasan0540 Fan Club,Jordan,1564,1564.0,1
Motu panda fan club,India,1745,1745.0,1
Tran Phu High School for Gifted Students,Vietnam,1491,1491.0,1
DAIICT,India,1566,1486.7142857142858,7
Uzdikter,Kazakhstan,1491,1460.0,4
Cq Institute of Engineering,China,1491,1491.0,1
litsey 2,Russia,1551,1484.5,2
National Institute of Technology Jamshedpur,India,1662,1662.0,1
UPML KNU,Ukraine,1539,1514.5,2
Vlad_-_null_vampir Fan Club,Christmas Island,1585,1585.0,1
Marie Curie High School,Vietnam,1960,1960.0,1
Wheatland Elementary,United States,1490,1490.0,1
IFPB João Pessoa,Brazil,1515,1515.0,1
coding knights,Taiwan,1646,1646.0,1
Port Said University,Egypt,1489,1481.0,3
NRU HSE - Nizhny Novgorod,Antarctica,1489,1489.0,1
Huizhou University,China,1654,1654.0,1
BGC Trust University Bangladesh,Bangladesh,1560,1560.0,1
University of St Andrews,Japan,1488,1488.0,1
ISAMM Tunisia,Tunisia,1591,1565.5,2
EOI,Egypt,1636,1544.5,4
Tulskii Gu,Russia,1631,1559.0,2
Suguna PIP School,India,1547,1547.0,1
Pavlodar BIL,Kazakhstan,1508,1497.0,2
TUIT,Uzbekistan,1719,1585.5,2
NIT Allahabad,India,1491,1491.0,1
hangzhou No.14 high school,China,1484,1484.0,1
Federal University of ABC,Brazil,1484,1484.0,1
BJUT,China,1484,1484.0,1
Allame Helli 5,Iran,1728,1728.0,1
Ankara Science High School,Turkey,1661,1661.0,1
Yancheng Institute Of Technology,China,1662,1601.6666666666667,3
Chuyen Tran Phu,Vietnam,1483,1483.0,1
none,India,1684,1684.0,1
the university of jordan,Jordan,1578,1578.0,1
rbssmtkr,India,1482,1482.0,1
PDSU,China,1482,1482.0,1
DGUT,China,1482,1482.0,1
Yarmouk University,Jordan,1580,1477.5,4
southwest petroleum university,China,1820,1820.0,1
International High School of Sarajevo,Bosnia and Herzegovina,1601,1601.0,1
Fun club for Dmitry Voronkov,Russia,1481,1481.0,1
Global Sigma Society,Russia,1481,1481.0,1
Luong The Vinh high shool for the gifted,Vietnam,1528,1528.0,1
Madhav institute of technology and Science,India,1523,1523.0,1
Jizzakh Presidential school,Uzbekistan,1484,1484.0,1
guangxin team,China,1480,1480.0,1
Road To Master,Bolivia,1797,1797.0,1
Manipal University (MUJ) Jaipur,India,1686,1563.0,2
Yale University,Taiwan,1570,1538.5,2
INDIAN INSTIUTE OF INFORMATION TECHNOLOGY GUWAHATI,India,1802,1626.5,2
SRM Institute of science and technology,India,1485,1485.0,1
Chengguan No. 2 Primary School,China,1478,1478.0,1
IIT-BHU Varanasi,India,1630,1507.3333333333333,3
Hadi Takla fan club,Egypt,1546,1546.0,1
1177 Fan Club,China,1665,1665.0,1
FCI sohag university,Egypt,1477,1477.0,1
ljpp,China,1578,1578.0,1
Quoc Hoc High School,Vietnam,1582,1582.0,1
ivaziva_fan_club,Serbia,1476,1476.0,1
Modern Academy,Palestinian Territory,1494,1466.5,2
НАО РФМШ,Kazakhstan,1519,1459.0,5
Aktobe KTL,Kazakhstan,1606,1606.0,1
Korea Digital Media High School,South Korea,1539,1539.0,1
Ülenurme Gümnaasium,Estonia,1475,1475.0,1
CS-Mansoura University,Egypt,1474,1474.0,1
UADY,Mexico,1474,1474.0,1
Allameh Helli 1,Iran,1474,1457.0,2
MAQ Software,India,1473,1473.0,1
RV college of engineering,India,1473,1473.0,1
CNMB Constanta,Romania,1622,1622.0,1
Vishwakarma Institute of Information Technology,India,1473,1473.0,1
THCS Tran Hung Dao,Vietnam,1555,1555.0,1
Shahid Beheshti University,Iran,1750,1750.0,1
NWNU,China,1827,1827.0,1
Taras Shevcenko University of Kiev,Ukraine,1584,1584.0,1
Kangwon National University,South Korea,1472,1451.5,2
ENS Rennes,France,1508,1508.0,1
HTBS,Taiwan,1472,1472.0,1
HKUST-GZ,China,1656,1656.0,1
MBSTU,Bangladesh,1471,1471.0,1
zuccZhejiang University City College,China,1521,1521.0,1
Unisinos,Brazil,1601,1601.0,1
FCAI - Cairo university,Palestinian Territory,1478,1439.0,5
N.I.T. Jamshedpur,India,1537,1537.0,1
IIIT Naya Raipur,India,1578,1471.75,4
PCMS,Macao,1533,1533.0,1
Shahid sadoghi high school,Iran,1470,1470.0,1
Izanami_fan_club,India,1563,1563.0,1
Southwestern University of Finance and Economics,China,1469,1469.0,1
School №1534,Russia,1541,1541.0,1
Huaiyin Middle School,China,1469,1469.0,1
Bilkent University,Turkey,1845,1673.0,2
WenqingForeignLanguagesSchool,China,1468,1468.0,1
ALOI - Algerian OI,Algeria,1580,1580.0,1
rakim's fan,Kazakhstan,1467,1431.5,2
MBOU Gymnasium No. 25,Russia,1482,1482.0,1
Kylych03 Fan Club,Kyrgyzstan,1467,1467.0,1
IFSULDEMINAS,Brazil,1699,1699.0,1
KSP,Russia,1466,1465.5,2
Damascus university  -  ITE,Syria,1605,1544.5,2
Shweta,India,1666,1666.0,1
Universidad de la  Amazonia,Colombia,1598,1486.3333333333333,3
BAUET,Bangladesh,1603,1603.0,1
Sunzizhong Fan Club,China,1466,1447.0,2
clay lovers club,Russia,2152,2152.0,1
Indian Institute of Information Technology Sricity,India,1539,1529.0,2
Arab open university(Egypt),Egypt,1465,1465.0,1
Gyeongi Science High School,South Korea,1536,1536.0,1
UNSW,China,1465,1465.0,1
Pontifícia Universidade Católica de Goias,Brazil,1464,1462.5,2
guanzhuyongchutafeixiexiemiao,Taiwan,1594,1594.0,1
BITS Pilani KK Birla Goa Campus,India,1486,1460.5,2
Cairo University - Faculty of Engineering,Egypt,1520,1488.0,2
Hebei Normal University,China,1530,1530.0,1
FlixBus,Germany,1680,1680.0,1
Ildar Gainullin fun-club,Russia,1757,1757.0,1
Ilinniavik Aninnik,Monaco,1775,1775.0,1
Guancheng Middle School,China,1463,1463.0,1
spclub,Russia,2060,2060.0,1
Damascus -University,Syria,1631,1558.5,2
Xuchang High School,China,1463,1463.0,1
Nupt,China,1800,1800.0,1
Universidad mayor de San Simon,Bolivia,1462,1462.0,1
kaiboy fan club,Palestinian Territory,1558,1558.0,1
FCI_Zagazig University,Palestinian Territory,1549,1549.0,1
# school,United States,1512,1475.5,2
Zewail City of Science and Technology,Egypt,1462,1462.0,1
SMA Negeri 1 Singaraja,Indonesia,1462,1462.0,1
The Harker School,United States,1462,1462.0,1
Yaman-Eyad Fan Club,Syria,1485,1448.6666666666667,3
Guru Jambheswar University Science and Technology,India,1462,1462.0,1
NEXON,Japan,1462,1462.0,1
Communication University of China,China,1546,1546.0,1
Bangladesh University of Professionals(BUP),Bangladesh,1461,1461.0,1
Academy of Economic Studies,Moldova,1575,1575.0,1
Imeon,Tajikistan,1485,1485.0,1
FCI - Luxor University,Egypt,1460,1460.0,1
Anti Humour,India,1500,1500.0,1
Hamas,Palestinian Territory,1459,1459.0,1
Amur State University,Russia,1589,1589.0,1
First IT-Lyceum,Kazakhstan,1500,1500.0,1
Nerds Club,Palestinian Territory,1459,1459.0,1
crutch manufacturing plant,Russia,1724,1724.0,1
Kaaze Fan Club,Indonesia,1581,1581.0,1
Mooli™,Israel,1458,1458.0,1
Clear Lake High School,United States,1650,1650.0,1
IITISM Dhanbad,India,1457,1457.0,1
National Institute of Technology Delhi,India,1457,1457.0,1
University of Oslo,Norway,1479,1479.0,1
Luceum №32,Russia,1505,1505.0,1
Zhejiang University of Science and Technology,China,1486,1486.0,1
57 school,Russia,1472,1448.5,2
YSU,Armenia,1782,1782.0,1
O(verly complicated),Russia,1468,1468.0,1
United College of Engineering and Research,India,1516,1516.0,1
Da Nang University of Science and Technology,Vietnam,1529,1529.0,1
Mr_Wu fan club,China,1481,1481.0,1
Sir M. Visvesvaraya Institute of Technology,India,1537,1537.0,2
Ekiboston BIL,Kazakhstan,1492,1492.0,1
SMAK 1 BPK PENABUR Bandung,Indonesia,1455,1455.0,1
Al-Wataniya Private University,Syria,1487,1447.3333333333333,3
PlaYbOI_CaRTI,India,1464,1464.0,1
NekoTeam,Vietnam,1455,1455.0,1
Aoxiang Cui fan club,India,1562,1562.0,1
Shambhala Education of Moksha,India,1558,1558.0,1
Romashka,Belarus,1489,1489.0,1
Yantai No. 2 Middle School,China,1454,1454.0,1
SMA Santa Maria 1 Cirebon,Indonesia,1574,1574.0,1
JXAU,China,1454,1448.25,4
BURATINO Software,Russia,1970,1970.0,1
Nagoya University,Japan,1910,1910.0,1
DRS International School,India,1703,1703.0,1
Vassu Fan Club,India,1539,1539.0,1
Xi'an Shiyou university,China,1609,1609.0,1
Nandigram_gang,India,1490,1490.0,1
Hanoi University of Science,Vietnam,1685,1685.0,1
FCIS-october 6 university,Egypt,1472,1462.0,2
UNSAAC,Peru,1452,1431.0,2
HUFE,China,1477,1477.0,1
nane fan club,Bosnia and Herzegovina,1452,1452.0,1
PUCP,Peru,1798,1778.5,2
MindTree Ltd,India,1451,1451.0,1
Naejung MS,South Korea,1451,1451.0,1
Faculty of Engineering - Zagazig University,Palestinian Territory,1491,1491.0,1
Indian Institute of Technology Bhubaneswar,India,1490,1455.6666666666667,3
FCI Assiut University,Egypt,1450,1450.0,1
HQ,Russia,1450,1450.0,1
AlgorithmsCaiGouTeam,China,1583,1583.0,1
CAUC,China,1450,1450.0,1
Tier 1e18,India,1450,1450.0,1
Anti-Entropy,Estonia,1462,1462.0,1
Lebanese University,Lebanon,1584,1503.5,2
Ocean University of China,Germany,1473,1473.0,1
Sree Vidyanikethan Engineering College,India,1449,1449.0,1
Chennai Mathematical Institute,India,1580,1501.3333333333333,3
Stuyvesant HS,United States,1510,1510.0,1
University of Calcutta,India,1448,1448.0,1
Casper's Celestial Chasers,North Macedonia,1722,1722.0,1
Haldia Institute Of Technology,India,1448,1448.0,1
BSU FPMI,Belarus,1645,1645.0,1
Oyunlag,Mongolia,1568,1531.5,2
Dhaka University of Engineering and Technology,Bangladesh,1447,1447.0,1
Indian Institute of Information Technology,India,1631,1631.0,1
ldrp,India,1450,1450.0,1
Gwangju IST,South Korea,1489,1489.0,1
The Maharaja Sayajirao University of Baroda,India,1934,1934.0,1
Don't Put Walnuts in Mixed Nuts High School,Saint Kitts and Nevis,1446,1446.0,1
No.1 Middle School of Yongtai,China,1609,1609.0,1
Sinhgad College Of Engineering,India,1474,1474.0,1
BrSU,Belarus,1621,1621.0,1
DCRUST Murthal,India,1693,1693.0,1
Manipal University Jaipur,India,1512,1512.0,1
SibSUTIS,Russia,1840,1749.0,2
SRKR ENGINEERING COLLEGE,India,1445,1445.0,1
Tokyo University of Science,Japan,1504,1504.0,1
IIIT Kalyani,India,1445,1445.0,1
Theek_Thaak_IIT,India,1484,1484.0,1
Ateneo de Manila U,Philippines,1605,1605.0,1
VF VolSU,Russia,1559,1559.0,1
Dr. BR Ambedkar NIT Jalandhar,India,1444,1444.0,1
Kalyani Government Engineering College,India,1575,1520.0,3
Hans-Thoma-Gymnasium,Germany,1444,1444.0,1
Alborz high school,Iran,1444,1444.0,1
Institut Teknologi Sepuluh Nopember,Indonesia,1444,1444.0,1
The classical gimnasium 610,Russia,1559,1559.0,1
URFU,Cyprus,1458,1458.0,1
Universidad Francisco de Paula Santander,Colombia,1567,1567.0,1
Ormlis is my waifu,Russia,1468,1468.0,1
GBOU RILI,Japan,1555,1555.0,1
Sardar Patel Institute of technology,India,1606,1606.0,1
AshishGup Fanclub,Bosnia and Herzegovina,1594,1594.0,1
Damacuses_university ITE,Syria,1530,1530.0,1
Hefei No.45 Middle School,China,1550,1550.0,1
China University of Geosciences,China,1482,1482.0,1
Bangladesh University of Eng. and Tech. BUET,Bangladesh,1442,1442.0,1
Universidad Tecnológica de Pereira,Colombia,1708,1708.0,1
Accenture,India,1441,1441.0,1
Singidunum University,Serbia,1557,1557.0,1
University of Alabama,United States,1487,1487.0,1
Kamla Nehru Institute Of Technology,India,1551,1493.6666666666667,3
Lianjiang Qiming School,China,1456,1456.0,1
Poisk,Russia,1572,1572.0,1
National Institute of Technology Rourkela,India,1494,1494.0,1
Amazon,India,1441,1441.0,1
Liaoning Shihua University,China,1440,1440.0,1
HCMC University of Information Technology,Vietnam,1440,1440.0,1
Universidad Mayor de San Andrés,Bolivia,1440,1440.0,1
heilongjiangUniversity,China,1440,1440.0,1
Hangzhou Normal University,China,1472,1472.0,1
Shenyang Aerospace University,China,1500,1500.0,1
IIITDELHI,India,1523,1523.0,1
IPVCE Carlos Marx,Cuba,1439,1439.0,1
College - VNRVJIET,India,1439,1420.5,2
Mansoura University - Faculty of Engineering,Egypt,1439,1439.0,1
ICL Vladimir,Russia,1565,1565.0,1
Mziuri,Georgia,1463,1463.0,1
Uzhhorod Scientific Lyceum,Ukraine,1479,1479.0,1
Minufiya university,Palestinian Territory,1438,1438.0,1
or2,Canada,1438,1438.0,1
MBM Engineering College,India,1438,1438.0,1
Acropolis Institute of Technology and Research,India,1513,1513.0,1
zzfls,China,1437,1437.0,1
IIEST Shibpur 116,India,1469,1469.0,1
nogua,India,1437,1437.0,1
yutabi fan club,Turkey,1485,1485.0,1
UFRGS,Brazil,1471,1471.0,1
DSA,China,1466,1451.0,2
Netaji Subhash Engineering College,India,1523,1523.0,1
talant07_Fan_Club,Kyrgyzstan,1444,1444.0,1
ISIS,Kazakhstan,1467,1467.0,1
Dragnoid99 Fan Club,India,1435,1435.0,1
CDEFLS,China,1518,1518.0,1
IT GB Pininfarina (Moncalieri),Italy,1485,1485.0,1
Farzanegan 5 Fateh,Iran,1518,1518.0,1
Yessenov University (YU),Kazakhstan,1529,1529.0,1
Bharati Vidyapeeth College of Engineering,India,1546,1546.0,1
Yichun University,China,1434,1434.0,1
IIIT Trichy,India,1578,1578.0,1
MTI university,Palestinian Territory,1434,1425.5,2
BUCT,China,1454,1454.0,1
University of Warwick,United Kingdom,1799,1799.0,1
NGC 224,South Korea,1433,1433.0,1
Meerut Institue of Engineering and Technology,India,1433,1433.0,1
SOCIOPATE fan club,Belarus,1602,1602.0,1
Antier,India,1449,1449.0,1
University of Central Asia,Kyrgyzstan,1432,1432.0,1
The LNM Institute of Information Technology,India,1484,1484.0,1
Hrust_Moment,Russia,1432,1432.0,1
Black Plasma Studio,Vietnam,1432,1432.0,1
Zhuhai No.3 Middle School,China,1564,1564.0,1
THPT Chuyen Thang Long Dalat,Vietnam,1540,1511.0,2
Prof. Ram Meghe Institute of Technology  Research,India,1438,1438.0,1
' IIT  Guwahati ',India,1520,1520.0,1
University of Shanghai for Science and Technology,China,1497,1497.0,1
THPT Chuyen Bac Giang,Vietnam,1431,1431.0,1
FEFU,Russia,1565,1565.0,1
Midgard,India,1507,1507.0,1
Khata Islama,Kazakhstan,1514,1514.0,1
Southern FU (Taganrog),Russia,1429,1429.0,1
Karasuno High School,Japan,1429,1429.0,1
Ahram Canadian University,Egypt,1493,1493.0,1
IITROORKEE,India,1531,1531.0,1
tyro fan club,India,1536,1536.0,1
HCMUS - University of Science,Vietnam,1428,1428.0,1
ABV IIITM GWALIOR,India,1452,1452.0,1
Munther farm carrots,Saudi Arabia,1490,1490.0,1
VIT BHOPAL,India,1428,1428.0,1
Zhejiang Gongshang University,China,1428,1428.0,1
KAUST,Saudi Arabia,1526,1526.0,1
LZU,China,1525,1525.0,1
Lakshmi Narain College of Technology,India,1427,1427.0,1
TangShan No.1 High School,China,1427,1427.0,1
NCWU,China,1553,1553.0,1
VIT CHENNAI CAMPUS,India,1427,1427.0,1
Green University Of Bangladesh,Bangladesh,1523,1472.5,2
Orel SU,Russia,1736,1736.0,1
Hacettepe University,Turkey,1425,1425.0,1
University Innopolis,Russia,1499,1499.0,1
Nanning No.3 High School,China,1565,1468.0,3
University of Manchester,United Kingdom,1424,1424.0,1
Ningbo University,China,1424,1424.0,1
BostonGene,Russia,1745,1745.0,1
BML Munjal University,India,1774,1774.0,1
IIT Rookee,India,1641,1521.0,2
HNUE High School for Gifted Student,Vietnam,1483,1483.0,1
AkaliFanClub,Brazil,1513,1513.0,1
Cloudera,Nepal,1461,1461.0,1
Liceul Teoretic Callatis,Romania,1455,1455.0,1
KT,Russia,1464,1464.0,1
Jatiya Kabi Kazi Nazrul Islam University,Bangladesh,1423,1423.0,1
ki korlam gebone,Japan,1423,1423.0,1
North Allegheny HS,United States,1422,1422.0,1
Kamnoetvidya Science Academy,Thailand,1422,1422.0,1
MohammadHijaz Fan Club,Palestinian Territory,1422,1422.0,1
Bangalore Institute of Technology,India,1449,1449.0,1
1337,Morocco,1422,1422.0,1
MBM University,India,1422,1422.0,1
UFPI,Brazil,1422,1422.0,1
Indian Institute of Technology  Kharagpur,India,1555,1555.0,1
University of Asia Pacific,Bangladesh,1421,1421.0,1
Techno India University(TIU),India,1421,1421.0,1
SASTRA University,India,1421,1421.0,1
CUMT,China,1421,1421.0,1
IIIT-Allahabad,India,1421,1421.0,1
Sport complex 'Modun',Russia,1626,1626.0,1
UT Austin,United States,1422,1422.0,1
COESI - Colégio de Orientação e Estudos Integrados,Brazil,1420,1420.0,1
CMR INSTITUTE OF TECHNOLOGY HYDERABAD,India,1420,1420.0,1
School,Thailand,1485,1485.0,1
MMCOE,India,1420,1420.0,1
Universidad de los Andes,Colombia,1666,1666.0,1
PMC Redan,Russia,1419,1419.0,1
NITJ,India,1419,1419.0,1
PSUT,Jordan,1820,1629.0,2
university of aleppo,Syria,1473,1473.0,1
the GAYs,Vietnam,1444,1444.0,1
PPU,Palestinian Territory,1540,1540.0,1
MAN 2 Pekanbaru,Indonesia,1418,1418.0,1
ALO Gliwice,Poland,1418,1418.0,1
' IIT Guwahati ',India,1418,1418.0,1
Samara Regional center for gifted children,Russia,1560,1560.0,1
Separatist Alliance,Antarctica,1417,1417.0,1
ANOO 'Phystech-Lyceum' of P. L. Kapitsa,Russia,1417,1417.0,1
TDN,Russia,1416,1416.0,1
NMIET,India,1512,1512.0,1
FCI - Cairo University,Egypt,1416,1416.0,1
GBOU RD RFMLI,Russia,1549,1549.0,1
MNNIT Allahabad,India,1464,1464.0,1
Lycée Pilote Manzeh 8,Tunisia,1430,1430.0,1
IIITB,India,1415,1415.0,1
Indian Institute of Technology Hyderabad,India,1541,1541.0,1
Mozheng Xiang,China,1415,1415.0,1
PTITHCM-Vietnam,Vietnam,1415,1415.0,1
Rayimboy fan club,Uzbekistan,1415,1415.0,1
kaspi.kz,Kazakhstan,1684,1684.0,1
University of Calabria,Italy,1534,1534.0,1
Guruji9.91 Fanclub,India,1414,1414.0,1
University of Engineering and Management Kolkata,India,1506,1480.5,2
RCOEM,India,1470,1470.0,1
Aqeq Fan Club,Russia,1414,1414.0,1
hdu,China,1793,1793.0,1
American Univeristy of Beirut,Lebanon,1543,1543.0,1
Parul University,India,1413,1413.0,1
Manipal Institute of Technology,India,1549,1549.0,1
No.2 middle School attached to Shijiazhuangerzhong,China,1462,1462.0,1
Lnmiit Jaipur,India,1412,1412.0,1
Hebei University of Technology,China,1736,1736.0,1
M S Ramaiah Institute of Technology,India,1484,1484.0,1
Faculty of computers and information technology,Egypt,1459,1459.0,1
South Park Elementary,Tajikistan,1508,1508.0,1
NRU HSE - Perm,Russia,1507,1507.0,1
Kansello_fun_club,Kyrgyzstan,1412,1412.0,1
Universidad de Concepcion,Chile,1451,1451.0,1
Gharbiya STEM School,Egypt,1429,1429.0,1
ECJTUACM,China,1412,1412.0,1
Ain Shams FCIS,Egypt,1440,1440.0,1
North-Caucasus FU,Russia,1529,1529.0,1
Sharechat,India,1693,1693.0,1
Indian Institute of Information Tech Allahabad,India,1608,1509.5,2
Ramaiah Institute of Technology,India,1458,1458.0,1
UNIVERSITY OF SOUTH FLORIDA,Uzbekistan,1538,1538.0,1
2.gimnazija Maribor,Slovenia,1599,1599.0,1
Dhaka International University,Bangladesh,1410,1410.0,1
Hate club Oleg Khristenko's,Russia,1467,1467.0,1
where they teach PROLOG,India,1410,1410.0,1
Hubei University,China,1410,1410.0,1
Home-in University,China,1410,1410.0,1
college of engineering roorkee,India,1606,1606.0,1
AIT Pune,India,1450,1450.0,1
PUCIT,Pakistan,1409,1409.0,1
Southwest jiaotong university,China,1528,1528.0,1
Aberystwyth University,Spain,1463,1463.0,1
RGUKT Basar,India,1409,1409.0,1
DHSBNHS,Philippines,1409,1409.0,1
CVR College Of Engineering,India,1409,1409.0,1
Hate club ybirshica is ITMO,Russia,1408,1408.0,1
五维介质Official,China,1408,1408.0,1
Brainware University,India,1469,1469.0,1
Whale Bay,Chad,1408,1408.0,1
SMA Kr. Petra 2,Indonesia,1427,1427.0,1
Indiana University Bloomington,United States,1502,1502.0,1
CBTis 217,Mexico,1408,1408.0,1
Vilnius lyceum,Lithuania,1408,1408.0,1
University Institute of Technology Burdwan,India,1662,1662.0,1
ONPU,Ukraine,1696,1696.0,1
IOE Pulchowk Campus,Nepal,1407,1407.0,1
Universidad Peruana de Ciencias Aplicadas,Peru,1453,1428.0,2
VlSU,Russia,1551,1551.0,1
Maite_Morales_Fan_Club,Cuba,1586,1586.0,1
SibFU,Russia,1406,1406.0,1
Manarat International University,Bangladesh,1481,1481.0,1
Adobe Systems,India,1685,1685.0,1
Other,India,1405,1405.0,1
Chuyen Chu Van An High School,Vietnam,1405,1405.0,1
Gia Dinh High School,Vietnam,1405,1405.0,1
CTU in Prague,Czechia,1417,1417.0,1
NIS CBD Almaty city,Kazakhstan,1665,1665.0,1
FCI-Cairo univerisity,Egypt,1559,1559.0,1
AAST Arab Academy,Egypt,1486,1486.0,1
IPVCE Luis Urquiza Jorge,Cuba,1562,1562.0,1
Cognizant Technology Solutions,India,1545,1545.0,1
Jagannath University,Bangladesh,1574,1489.0,2
SMA Pradita Dirgantara,Indonesia,1522,1522.0,1
Jakarta Intercultural School,Indonesia,1403,1403.0,1
ACM Chapter Cusco,Peru,1449,1449.0,1
FoxFord,China,1402,1402.0,1
Delhi Public School R.K.Puram,India,1482,1482.0,1
Aktobe BIL,Kazakhstan,1402,1402.0,1
Egyptian E-Learning University,Egypt,1402,1402.0,1
IIIT   Lucknow,India,1402,1402.0,1
National Taiwan Normal U,Taiwan,1402,1402.0,1
Nazarbayev Intellectual school,Kazakhstan,1467,1467.0,1
Indraprastha World School,India,1402,1402.0,1
SK Hynix,South Korea,1485,1485.0,1
VMware,India,1697,1697.0,1
PJATK(PJWSTK),Poland,1517,1517.0,1
IIIT GUWAHATI,India,1436,1436.0,1
THPT Trần Phú,Vietnam,1401,1401.0,1
Universidade de Coimbra,Portugal,1401,1401.0,1
Dhirubhai Ambani Institute of Info and Comm Tech,India,1401,1401.0,1
THPT An Lão,Vietnam,1990,1990.0,1
Liaoning University,China,1453,1453.0,1
Kasukabe Defence Group,India,1401,1401.0,1
Madan Mohan Malviya University Of Technology,India,1421,1421.0,1
FAST NUCES,Pakistan,1401,1401.0,1
NielsenIQ,India,1537,1537.0,1
Shijiazhuang No.2 Middle School(North),China,1400,1400.0,1
IISER Bhopal,India,1477,1477.0,1
!!!,Spain,1441,1441.0,1
nitech,Japan,1567,1567.0,1
THPT chuyen Ly Tu Trong,Vietnam,1402,1401.0,2
CHT Fan Club,Palestinian Territory,1517,1517.0,1
SIES GST,India,1744,1744.0,1
o6re4en,Russia,1446,1446.0,1
Universidade Federal do Piauí,Brazil,1964,1964.0,1
Sun Yat-sen  Memorial Secondary School,China,1560,1560.0,1
Chonbuk NU,South Korea,1485,1485.0,1
Anhui Normal University,China,1402,1402.0,1
PDPM IIITDM JABALPUR,India,1428,1428.0,1
PDPM IIITDMJabalpur,India,1397,1397.0,1
Northwest Normal University,China,1408,1408.0,1
University of Jinan,China,1409,1409.0,1
Universidad Tecnica Federico Santa Maria,Chile,1396,1396.0,1
Harvard,Morocco,1471,1471.0,1
ENSA Marrakech,Morocco,1679,1679.0,1
UP Diliman,Philippines,1494,1494.0,1
Somewhere on the earth,India,1532,1532.0,1
Infinite Loop,India,1550,1550.0,1
Shajalal  University Of Science And Technology,Bangladesh,1427,1427.0,1
SMAN 1 Ambon,Indonesia,1458,1458.0,1
Guangming Senior High school,China,1440,1440.0,1
University of Colorado,United States,1662,1662.0,1
IIT KGP,India,1394,1394.0,1
horny degs(bgi dega),Tajikistan,1494,1494.0,1
UFC Quixadá,Brazil,1651,1651.0,1
MG 'n' ETF Belgrade,Serbia,1627,1627.0,1
